query_event_id,query_event_type,query_timestamp_utc,candidate_count,top_k,analogue_event_ids,analogue_timestamps_utc,analogue_distances,query_actual_1m_pips,analogue_median_1m_pips,analogue_up_fraction_1m,analogue_dispersion_1m_pips,same_type_historical_median_1m_pips,same_type_historical_up_fraction_1m,recent_5_same_type_median_1m_pips,analogue_direction_correct_1m,same_type_direction_correct_1m,recent_direction_correct_1m,query_actual_5m_pips,analogue_median_5m_pips,analogue_up_fraction_5m,analogue_dispersion_5m_pips,same_type_historical_median_5m_pips,same_type_historical_up_fraction_5m,recent_5_same_type_median_5m_pips,analogue_direction_correct_5m,same_type_direction_correct_5m,recent_direction_correct_5m,query_actual_15m_pips,analogue_median_15m_pips,analogue_up_fraction_15m,analogue_dispersion_15m_pips,same_type_historical_median_15m_pips,same_type_historical_up_fraction_15m,recent_5_same_type_median_15m_pips,analogue_direction_correct_15m,same_type_direction_correct_15m,recent_direction_correct_15m,query_actual_60m_pips,analogue_median_60m_pips,analogue_up_fraction_60m,analogue_dispersion_60m_pips,same_type_historical_median_60m_pips,same_type_historical_up_fraction_60m,recent_5_same_type_median_60m_pips,analogue_direction_correct_60m,same_type_direction_correct_60m,recent_direction_correct_60m,query_actual_240m_pips,analogue_median_240m_pips,analogue_up_fraction_240m,analogue_dispersion_240m_pips,same_type_historical_median_240m_pips,same_type_historical_up_fraction_240m,recent_5_same_type_median_240m_pips,analogue_direction_correct_240m,same_type_direction_correct_240m,recent_direction_correct_240m
bls:us_employment_situation:20151204T1330Z,us_employment_situation,2015-12-04 13:30:00+00:00,10,5,"[""bls:us_employment_situation:20150306T1330Z"", ""bls:us_employment_situation:20150605T1230Z"", ""bls:us_employment_situation:20151106T1330Z"", ""bls:us_employment_situation:20150508T1230Z"", ""bls:us_employment_situation:20150904T1230Z""]","[""2015-03-06T13:30:00+00:00"", ""2015-06-05T12:30:00+00:00"", ""2015-11-06T13:30:00+00:00"", ""2015-05-08T12:30:00+00:00"", ""2015-09-04T12:30:00+00:00""]","[1.1251397830270413, 1.139754461740765, 1.1842832667012726, 1.206951727320426, 1.2887050015786985]",-46.90000000000083,-33.09999999999924,0.2,61.90392233130375,-1.3499999999999623,0.5,-33.09999999999924,True,True,True,-53.749999999999076,-93.40000000000126,0.0,31.963269544901486,-48.37499999999939,0.3,-52.09999999999937,True,True,True,-49.34999999999911,-100.4499999999986,0.0,39.677280652786735,-56.1250000000002,0.3,-48.150000000000134,True,True,True,-3.2999999999994145,-105.49999999999837,0.0,64.80072839096799,-35.10000000000013,0.3,-34.09999999999913,True,True,True,-52.799999999999514,-107.60000000000102,0.0,54.85151410854596,-26.475000000000247,0.4,-11.499999999999844,True,True,True
bls:us_cpi_release:20160316T1230Z,us_cpi_release,2016-03-16 12:30:00+00:00,10,5,"[""bls:us_cpi_release:20160120T1330Z"", ""bls:us_cpi_release:20150916T1230Z"", ""bls:us_cpi_release:20151215T1330Z"", ""bls:us_cpi_release:20151015T1230Z"", ""bls:us_cpi_release:20150522T1230Z""]","[""2016-01-20T13:30:00+00:00"", ""2015-09-16T12:30:00+00:00"", ""2015-12-15T13:30:00+00:00"", ""2015-10-15T12:30:00+00:00"", ""2015-05-22T12:30:00+00:00""]","[1.9365940548376444, 3.5666573950796003, 3.5787659843189807, 3.7202463181751617, 3.766690272987174]",-14.300000000000423,-4.8000000000003595,0.4,20.479809569427015,-9.2749999999997,0.3,-4.8000000000003595,True,True,True,-13.549999999999951,-2.949999999999342,0.4,31.098462984526847,-12.349999999999861,0.3,-2.949999999999342,True,True,True,-14.800000000001479,-15.849999999999476,0.4,41.15717434421436,-9.000000000000119,0.4,-2.1500000000007624,True,True,True,-24.600000000001288,-32.49999999999975,0.4,60.1586369526438,-25.849999999999483,0.3,-12.000000000000899,True,True,True,-15.300000000000313,-30.90000000000037,0.4,75.914362277503,-34.6499999999994,0.3,-24.100000000000232,True,True,True
bls:us_employment_situation:20160401T1230Z,us_employment_situation,2016-04-01 12:30:00+00:00,11,5,"[""bls:us_employment_situation:20150109T1330Z"", ""bls:us_employment_situation:20150904T1230Z"", ""bls:us_employment_situation:20151204T1330Z"", ""bls:us_employment_situation:20150508T1230Z"", ""bls:us_employment_situation:20151106T1330Z""]","[""2015-01-09T13:30:00+00:00"", ""2015-09-04T12:30:00+00:00"", ""2015-12-04T13:30:00+00:00"", ""2015-05-08T12:30:00+00:00"", ""2015-11-06T13:30:00+00:00""]","[4.14432514812382, 4.2646636871339, 4.80912500318572, 4.901974682988078, 4.91028516873725]",-17.650000000000166,-33.09999999999924,0.2,46.36529305418029,-4.500000000000615,0.45454545454545453,-33.09999999999924,True,True,True,-33.950000000000365,-52.09999999999937,0.0,25.71193108267113,-52.09999999999937,0.2727272727272727,-52.09999999999937,True,True,True,-14.849999999999586,-52.09999999999937,0.0,20.65315956458085,-52.09999999999937,0.2727272727272727,-48.150000000000134,True,True,True,-52.5500000000001,-34.09999999999913,0.0,38.17543189015692,-34.09999999999913,0.2727272727272727,-3.2999999999994145,True,True,True,-26.55000000000074,-41.45000000000065,0.2,42.766755780629836,-41.45000000000065,0.36363636363636365,-11.499999999999844,True,True,True
bls:us_cpi_release:20160414T1230Z,us_cpi_release,2016-04-14 12:30:00+00:00,11,5,"[""bls:us_cpi_release:20160316T1230Z"", ""bls:us_cpi_release:20160120T1330Z"", ""bls:us_cpi_release:20151215T1330Z"", ""bls:us_cpi_release:20150916T1230Z"", ""bls:us_cpi_release:20151015T1230Z""]","[""2016-03-16T12:30:00+00:00"", ""2016-01-20T13:30:00+00:00"", ""2015-12-15T13:30:00+00:00"", ""2015-09-16T12:30:00+00:00"", ""2015-10-15T12:30:00+00:00""]","[0.8483243537854864, 1.7530130945949356, 3.9769211976166137, 4.019422089966903, 4.105982518051617]",19.450000000000855,-4.8000000000003595,0.4,11.611657935023393,-12.700000000001044,0.2727272727272727,-12.700000000001044,False,False,False,9.449999999999736,-2.949999999999342,0.4,18.740608314565982,-13.549999999999951,0.2727272727272727,-7.250000000000867,False,False,False,35.89999999999982,-14.800000000001479,0.4,32.98947711013362,-14.800000000001479,0.36363636363636365,-14.800000000001479,False,False,False,9.650000000001047,-24.600000000001288,0.4,34.80788703727894,-24.600000000001288,0.2727272727272727,-24.600000000001288,False,False,False,13.900000000000023,-15.300000000000313,0.4,50.31251732918889,-30.90000000000037,0.2727272727272727,-24.100000000000232,False,False,False
bls:us_employment_situation:20160506T1230Z,us_employment_situation,2016-05-06 12:30:00+00:00,12,5,"[""bls:us_employment_situation:20160401T1230Z"", ""bls:us_employment_situation:20150904T1230Z"", ""bls:us_employment_situation:20151204T1330Z"", ""bls:us_employment_situation:20150605T1230Z"", ""bls:us_employment_situation:20150508T1230Z""]","[""2016-04-01T12:30:00+00:00"", ""2015-09-04T12:30:00+00:00"", ""2015-12-04T13:30:00+00:00"", ""2015-06-05T12:30:00+00:00"", ""2015-05-08T12:30:00+00:00""]","[1.8363777022007919, 4.559388899948183, 4.625328177705204, 4.8205632878697156, 4.841570404347348]",23.400000000000087,-33.09999999999924,0.0,49.71728069796299,-11.07500000000039,0.4166666666666667,-33.09999999999924,False,False,False,11.849999999999916,-52.09999999999937,0.0,35.274353289607035,-48.37499999999939,0.25,-52.09999999999937,False,False,False,-22.34999999999987,-49.34999999999911,0.0,49.57379953160778,-50.72499999999924,0.25,-48.150000000000134,True,True,True,-8.349999999999191,-34.09999999999913,0.0,71.35324519599655,-35.10000000000013,0.25,-34.09999999999913,True,True,True,-11.950000000000571,-41.45000000000065,0.0,51.88886778491142,-34.000000000000696,0.3333333333333333,-26.55000000000074,True,True,True
bls:us_cpi_release:20160517T1230Z,us_cpi_release,2016-05-17 12:30:00+00:00,12,5,"[""bls:us_cpi_release:20160414T1230Z"", ""bls:us_cpi_release:20160316T1230Z"", ""bls:us_cpi_release:20160120T1330Z"", ""bls:us_cpi_release:20150522T1230Z"", ""bls:us_cpi_release:20151215T1330Z""]","[""2016-04-14T12:30:00+00:00"", ""2016-03-16T12:30:00+00:00"", ""2016-01-20T13:30:00+00:00"", ""2015-05-22T12:30:00+00:00"", ""2015-12-15T13:30:00+00:00""]","[0.5390567848493915, 0.8661930598972831, 1.4398663664173628, 1.5236450509949693, 1.567277553964694]",-9.950000000000792,-4.8000000000003595,0.4,23.262618081377276,-9.2749999999997,0.3333333333333333,-4.8000000000003595,True,True,True,-9.200000000000319,-2.949999999999342,0.4,27.32424564375023,-10.400000000000409,0.3333333333333333,-2.949999999999342,True,True,True,-2.60000000000149,-14.800000000001479,0.4,37.00136483969262,-8.47500000000112,0.4166666666666667,-2.1500000000007624,True,True,True,6.749999999999812,-24.600000000001288,0.4,53.53080795205736,-21.900000000000254,0.3333333333333333,-12.000000000000899,False,False,False,20.999999999999908,-15.300000000000313,0.4,63.53727567341863,-27.500000000000302,0.3333333333333333,-15.300000000000313,False,False,False
bls:us_employment_situation:20160603T1230Z,us_employment_situation,2016-06-03 12:30:00+00:00,13,5,"[""bls:us_employment_situation:20160506T1230Z"", ""bls:us_employment_situation:20160401T1230Z"", ""bls:us_employment_situation:20150904T1230Z"", ""bls:us_employment_situation:20151204T1330Z"", ""bls:us_employment_situation:20150306T1330Z""]","[""2016-05-06T12:30:00+00:00"", ""2016-04-01T12:30:00+00:00"", ""2015-09-04T12:30:00+00:00"", ""2015-12-04T13:30:00+00:00"", ""2015-03-06T13:30:00+00:00""]","[0.5589415362588814, 2.0447332661431235, 5.610287121637506, 5.756926171760496, 5.9828708705148514]",68.0499999999995,-17.650000000000166,0.4,24.930872427574837,-4.500000000000615,0.46153846153846156,-17.650000000000166,False,False,False,100.15000000000107,-52.09999999999937,0.2,34.27879227744174,-44.64999999999941,0.3076923076923077,-33.950000000000365,False,False,False,99.85000000000132,-48.150000000000134,0.0,30.016622061783963,-49.34999999999911,0.23076923076923078,-22.34999999999987,False,False,False,147.55000000000072,-34.09999999999913,0.0,36.95480212367507,-34.09999999999913,0.23076923076923078,-8.349999999999191,False,False,False,178.15000000000134,-26.55000000000074,0.0,44.26123134301602,-26.55000000000074,0.3076923076923077,-26.55000000000074,False,False,False
bls:us_cpi_release:20160616T1230Z,us_cpi_release,2016-06-16 12:30:00+00:00,13,5,"[""bls:us_cpi_release:20160414T1230Z"", ""bls:us_cpi_release:20160517T1230Z"", ""bls:us_cpi_release:20151015T1230Z"", ""bls:us_cpi_release:20160316T1230Z"", ""bls:us_cpi_release:20150522T1230Z""]","[""2016-04-14T12:30:00+00:00"", ""2016-05-17T12:30:00+00:00"", ""2015-10-15T12:30:00+00:00"", ""2016-03-16T12:30:00+00:00"", ""2015-05-22T12:30:00+00:00""]","[0.8573014077311178, 0.9597696926539475, 1.2438183135675256, 1.2571251634929896, 1.4629708021829066]",-4.599999999999049,-14.300000000000423,0.2,23.10650557743462,-9.950000000000792,0.3076923076923077,-4.8000000000003595,True,True,True,9.100000000001884,-13.549999999999951,0.2,24.940870073034986,-9.200000000000319,0.3076923076923077,-2.949999999999342,False,False,False,-0.4999999999988347,-14.800000000001479,0.2,42.148432948331966,-2.60000000000149,0.38461538461538464,-2.60000000000149,True,True,True,-18.599999999999728,-24.600000000001288,0.4,53.43751116959012,-19.199999999999218,0.38461538461538464,6.749999999999812,True,True,False,16.35000000000053,-15.300000000000313,0.4,59.00787744022025,-24.100000000000232,0.38461538461538464,13.900000000000023,False,False,True
bls:us_employment_situation:20160708T1230Z,us_employment_situation,2016-07-08 12:30:00+00:00,14,5,"[""bls:us_employment_situation:20160506T1230Z"", ""bls:us_employment_situation:20160603T1230Z"", ""bls:us_employment_situation:20160401T1230Z"", ""bls:us_employment_situation:20150904T1230Z"", ""bls:us_employment_situation:20151204T1330Z""]","[""2016-05-06T12:30:00+00:00"", ""2016-06-03T12:30:00+00:00"", ""2016-04-01T12:30:00+00:00"", ""2015-09-04T12:30:00+00:00"", ""2015-12-04T13:30:00+00:00""]","[0.6537109156553393, 0.7107340848039627, 1.916406104738894, 3.6895107780619285, 3.8136648801486484]",-59.00000000000016,-17.650000000000166,0.4,41.89848923290664,-1.3499999999999623,0.5,-17.650000000000166,True,True,True,-44.800000000000395,-33.950000000000365,0.4,57.91709937488254,-39.29999999999988,0.35714285714285715,-33.950000000000365,True,True,True,-42.5500000000012,-22.34999999999987,0.2,55.13802317820291,-48.74999999999962,0.2857142857142857,-22.34999999999987,True,True,True,-8.00000000000134,-8.349999999999191,0.2,71.12076349421467,-27.69999999999939,0.2857142857142857,-8.349999999999191,True,True,True,-30.5500000000003,-11.950000000000571,0.2,82.90921902900841,-19.250000000000654,0.35714285714285715,-26.55000000000074,True,True,True
bls:us_cpi_release:20160816T1230Z,us_cpi_release,2016-08-16 12:30:00+00:00,14,5,"[""bls:us_cpi_release:20150324T1230Z"", ""bls:us_cpi_release:20160316T1230Z"", ""bls:us_cpi_release:20151117T1330Z"", ""bls:us_cpi_release:20151215T1330Z"", ""bls:us_cpi_release:20160120T1330Z""]","[""2015-03-24T12:30:00+00:00"", ""2016-03-16T12:30:00+00:00"", ""2015-11-17T13:30:00+00:00"", ""2015-12-15T13:30:00+00:00"", ""2016-01-20T13:30:00+00:00""]","[0.9245799921104376, 1.063350554471359, 1.1802375850046585, 1.1926076635826015, 1.2409859329509858]",23.699999999999832,-12.700000000001044,0.2,10.312448787751306,-7.899999999999574,0.2857142857142857,-4.599999999999049,False,False,False,8.099999999999774,-7.250000000000867,0.2,14.5562907363095,-8.225000000000593,0.35714285714285715,9.100000000001884,False,False,True,-18.5499999999994,-2.1500000000007624,0.4,14.763827417035793,-2.375000000001126,0.35714285714285715,-0.4999999999988347,True,True,True,-42.89999999999905,-24.600000000001288,0.2,21.93418792661264,-18.899999999999473,0.35714285714285715,6.749999999999812,True,True,False,-23.800000000000487,-24.100000000000232,0.2,40.01856319259754,-19.700000000000273,0.42857142857142855,16.35000000000053,True,True,False
bls:us_employment_situation:20160902T1230Z,us_employment_situation,2016-09-02 12:30:00+00:00,15,5,"[""bls:us_employment_situation:20150403T1230Z"", ""bls:us_employment_situation:20151106T1330Z"", ""bls:us_employment_situation:20160708T1230Z"", ""bls:us_employment_situation:20160506T1230Z"", ""bls:us_employment_situation:20150109T1330Z""]","[""2015-04-03T12:30:00+00:00"", ""2015-11-06T13:30:00+00:00"", ""2016-07-08T12:30:00+00:00"", ""2016-05-06T12:30:00+00:00"", ""2015-01-09T13:30:00+00:00""]","[1.1543287441365988, 1.1583437305502433, 1.2058225378126797, 1.2186665818428641, 1.2466489266472858]",63.45000000000045,4.299999999999304,0.6,78.61378759479781,-4.500000000000615,0.4666666666666667,-17.650000000000166,True,False,False,64.80000000000041,-12.799999999999478,0.4,67.90833527631214,-44.64999999999941,0.3333333333333333,-33.950000000000365,False,False,False,51.25000000000046,-42.5500000000012,0.2,67.64264187626036,-48.150000000000134,0.26666666666666666,-22.34999999999987,False,False,False,35.00000000000058,-8.349999999999191,0.2,72.56145946712994,-21.299999999999653,0.26666666666666666,-8.00000000000134,False,False,False,-17.650000000000166,-11.950000000000571,0.4,66.57874585781899,-26.55000000000074,0.3333333333333333,-26.55000000000074,True,True,True
bls:us_cpi_release:20160916T1230Z,us_cpi_release,2016-09-16 12:30:00+00:00,15,5,"[""bls:us_cpi_release:20160414T1230Z"", ""bls:us_cpi_release:20160517T1230Z"", ""bls:us_cpi_release:20150522T1230Z"", ""bls:us_cpi_release:20151117T1330Z"", ""bls:us_cpi_release:20151215T1330Z""]","[""2016-04-14T12:30:00+00:00"", ""2016-05-17T12:30:00+00:00"", ""2015-05-22T12:30:00+00:00"", ""2015-11-17T13:30:00+00:00"", ""2015-12-15T13:30:00+00:00""]","[0.4522438322594375, 0.4637705964361775, 0.7240814550561999, 0.8163371755823614, 0.8177639285503684]",-18.74999999999849,-9.950000000000792,0.2,22.517562034998804,-5.8499999999983565,0.3333333333333333,-4.599999999999049,True,True,True,-16.849999999999365,-7.250000000000867,0.2,25.523334421662376,-7.250000000000867,0.4,8.099999999999774,True,True,False,-22.249999999999215,-2.60000000000149,0.2,35.65662070359487,-2.60000000000149,0.3333333333333333,-2.60000000000149,True,True,True,-52.64999999999853,-12.000000000000899,0.4,53.162462320702076,-19.199999999999218,0.3333333333333333,-18.599999999999728,True,True,True,-71.39999999999924,-24.100000000000232,0.4,60.695695069749696,-23.800000000000487,0.4,13.900000000000023,True,True,False
bls:us_employment_situation:20161007T1230Z,us_employment_situation,2016-10-07 12:30:00+00:00,16,5,"[""bls:us_employment_situation:20160603T1230Z"", ""bls:us_employment_situation:20160708T1230Z"", ""bls:us_employment_situation:20160506T1230Z"", ""bls:us_employment_situation:20151002T1230Z"", ""bls:us_employment_situation:20150306T1330Z""]","[""2016-06-03T12:30:00+00:00"", ""2016-07-08T12:30:00+00:00"", ""2016-05-06T12:30:00+00:00"", ""2015-10-02T12:30:00+00:00"", ""2015-03-06T13:30:00+00:00""]","[0.30754289369970156, 0.5024165904296722, 0.5027291474017508, 0.770148645099818, 0.9298848478237939]",17.75000000000082,23.400000000000087,0.8,53.10393959020356,-1.3499999999999623,0.5,23.400000000000087,True,False,True,-7.299999999998974,11.849999999999916,0.6,79.8699718292181,-39.29999999999988,0.375,11.849999999999916,False,True,False,15.300000000000313,-22.34999999999987,0.4,90.08166073069523,-45.35000000000066,0.3125,-14.849999999999586,False,False,False,55.49999999999944,-8.00000000000134,0.4,98.76134162717686,-14.824999999999422,0.3125,-8.00000000000134,False,False,False,14.74999999999893,-11.950000000000571,0.4,107.75524302789235,-22.100000000000453,0.3125,-17.650000000000166,False,False,False
bls:us_cpi_release:20161018T1230Z,us_cpi_release,2016-10-18 12:30:00+00:00,16,5,"[""bls:us_cpi_release:20160517T1230Z"", ""bls:us_cpi_release:20160916T1230Z"", ""bls:us_cpi_release:20160414T1230Z"", ""bls:us_cpi_release:20151117T1330Z"", ""bls:us_cpi_release:20160316T1230Z""]","[""2016-05-17T12:30:00+00:00"", ""2016-09-16T12:30:00+00:00"", ""2016-04-14T12:30:00+00:00"", ""2015-11-17T13:30:00+00:00"", ""2016-03-16T12:30:00+00:00""]","[0.478556032601894, 0.5164891926307849, 0.5387551528701039, 0.7183218023096274, 0.7601762635457052]",5.699999999999594,-12.700000000001044,0.2,13.651629939315177,-7.899999999999574,0.3125,-4.599999999999049,False,False,False,11.499999999999844,-9.200000000000319,0.2,9.102505149682468,-8.225000000000593,0.375,8.099999999999774,False,False,True,7.950000000001012,-2.60000000000149,0.2,20.036631453415513,-8.700000000001484,0.3125,-2.60000000000149,False,False,False,-6.450000000000067,-12.000000000000899,0.4,22.796679582781135,-21.900000000000254,0.3125,-18.599999999999728,True,True,True,-2.100000000000435,-15.300000000000313,0.4,32.84785533333923,-23.950000000000358,0.375,13.900000000000023,True,True,False
bls:us_employment_situation:20161104T1230Z,us_employment_situation,2016-11-04 12:30:00+00:00,17,5,"[""bls:us_employment_situation:20161007T1230Z"", ""bls:us_employment_situation:20160603T1230Z"", ""bls:us_employment_situation:20151002T1230Z"", ""bls:us_employment_situation:20160708T1230Z"", ""bls:us_employment_situation:20160506T1230Z""]","[""2016-10-07T12:30:00+00:00"", ""2016-06-03T12:30:00+00:00"", ""2015-10-02T12:30:00+00:00"", ""2016-07-08T12:30:00+00:00"", ""2016-05-06T12:30:00+00:00""]","[0.5103202207649905, 0.6012714446747965, 0.6723660296393529, 0.7497615545740324, 0.8777922526489488]",-13.049999999998896,23.400000000000087,0.8,52.05372801250639,1.80000000000069,0.5294117647058824,23.400000000000087,False,False,False,-14.600000000000168,11.849999999999916,0.6,61.1600081752778,-33.950000000000365,0.35294117647058826,11.849999999999916,False,True,False,-10.099999999999554,15.300000000000313,0.6,70.20213387070314,-42.5500000000012,0.35294117647058826,15.300000000000313,False,True,False,-7.500000000000284,55.49999999999944,0.6,69.83863257538792,-8.349999999999191,0.35294117647058826,35.00000000000058,False,True,False,22.300000000001763,14.74999999999893,0.6,78.6103148448099,-17.650000000000166,0.35294117647058826,-11.950000000000571,True,False,False
bls:us_cpi_release:20161117T1330Z,us_cpi_release,2016-11-17 13:30:00+00:00,17,5,"[""bls:us_cpi_release:20151215T1330Z"", ""bls:us_cpi_release:20151117T1330Z"", ""bls:us_cpi_release:20160120T1330Z"", ""bls:us_cpi_release:20150618T1230Z"", ""bls:us_cpi_release:20150324T1230Z""]","[""2015-12-15T13:30:00+00:00"", ""2015-11-17T13:30:00+00:00"", ""2016-01-20T13:30:00+00:00"", ""2015-06-18T12:30:00+00:00"", ""2015-03-24T12:30:00+00:00""]","[0.8675636074103105, 0.9379861084322771, 0.9943919963627506, 1.0428988132745753, 1.0737155808784653]",-9.250000000000647,-4.8000000000003595,0.4,16.565367487622602,-5.8499999999983565,0.35294117647058826,-4.599999999999049,True,True,True,-13.799999999999368,-2.949999999999342,0.4,18.64911794160711,-7.250000000000867,0.4117647058823529,8.099999999999774,True,True,False,-21.899999999999142,12.499999999999734,0.6,13.114777924158895,-2.60000000000149,0.35294117647058826,-2.60000000000149,False,True,True,-8.799999999999919,-12.000000000000899,0.4,25.496340913941985,-19.199999999999218,0.29411764705882354,-18.599999999999728,True,True,True,-63.10000000000038,-24.100000000000232,0.4,44.51128396260779,-23.800000000000487,0.35294117647058826,-2.100000000000435,True,True,True
bls:us_employment_situation:20161202T1330Z,us_employment_situation,2016-12-02 13:30:00+00:00,18,5,"[""bls:us_employment_situation:20161104T1230Z"", ""bls:us_employment_situation:20160603T1230Z"", ""bls:us_employment_situation:20161007T1230Z"", ""bls:us_employment_situation:20151002T1230Z"", ""bls:us_employment_situation:20150109T1330Z""]","[""2016-11-04T12:30:00+00:00"", ""2016-06-03T12:30:00+00:00"", ""2016-10-07T12:30:00+00:00"", ""2015-10-02T12:30:00+00:00"", ""2015-01-09T13:30:00+00:00""]","[0.4774596196424224, 0.6047578986546993, 0.6624299609186072, 0.7863443467066509, 0.8364141781672289]",11.550000000000171,17.75000000000082,0.8,40.05966799662691,-1.3499999999999623,0.5,17.75000000000082,True,False,True,11.799999999999589,-7.299999999998974,0.4,57.52707710287415,-24.27500000000027,0.3333333333333333,-7.299999999998974,False,False,False,-1.2999999999996348,15.300000000000313,0.6,70.62918235403873,-32.450000000000536,0.3333333333333333,15.300000000000313,False,True,False,7.749999999999702,55.49999999999944,0.6,76.29690426223117,-8.175000000000265,0.3333333333333333,35.00000000000058,True,False,True,33.60000000000029,22.300000000001763,1.0,64.26282284493941,-14.800000000000368,0.3888888888888889,14.74999999999893,True,False,True
bls:us_cpi_release:20161215T1330Z,us_cpi_release,2016-12-15 13:30:00+00:00,18,5,"[""bls:us_cpi_release:20160616T1230Z"", ""bls:us_cpi_release:20151015T1230Z"", ""bls:us_cpi_release:20160414T1230Z"", ""bls:us_cpi_release:20160517T1230Z"", ""bls:us_cpi_release:20161117T1330Z""]","[""2016-06-16T12:30:00+00:00"", ""2015-10-15T12:30:00+00:00"", ""2016-04-14T12:30:00+00:00"", ""2016-05-17T12:30:00+00:00"", ""2016-11-17T13:30:00+00:00""]","[0.7479258446515347, 1.0141147154213344, 1.0156417803370215, 1.1331417702795636, 1.1398216071228893]",-3.900000000001125,-9.250000000000647,0.2,15.638682808983921,-7.5499999999995016,0.3333333333333333,-4.599999999999049,True,True,True,-1.0500000000002174,-9.200000000000319,0.4,15.606902319166752,-8.225000000000593,0.3888888888888889,8.099999999999774,True,True,False,3.9999999999995595,-2.60000000000149,0.2,35.046654619236165,-8.700000000001484,0.3333333333333333,-18.5499999999994,False,False,False,20.799999999998597,-8.799999999999919,0.4,25.755135410244225,-18.899999999999473,0.2777777777777778,-18.599999999999728,False,False,False,-28.600000000000847,13.900000000000023,0.6,33.08304701807281,-23.950000000000358,0.3333333333333333,-23.800000000000487,False,True,True
bls:us_cpi_release:20170118T1330Z,us_cpi_release,2017-01-18 13:30:00+00:00,19,5,"[""bls:us_cpi_release:20161117T1330Z"", ""bls:us_cpi_release:20161018T1230Z"", ""bls:us_cpi_release:20160517T1230Z"", ""bls:us_cpi_release:20161215T1330Z"", ""bls:us_cpi_release:20160414T1230Z""]","[""2016-11-17T13:30:00+00:00"", ""2016-10-18T12:30:00+00:00"", ""2016-05-17T12:30:00+00:00"", ""2016-12-15T13:30:00+00:00"", ""2016-04-14T12:30:00+00:00""]","[0.7477987772470877, 0.7685413724791472, 0.782372443160442, 0.8142117721427021, 0.8725144687607104]",-1.9499999999994522,-3.900000000001125,0.4,11.04288911472054,-5.8499999999983565,0.3157894736842105,-3.900000000001125,True,True,True,3.900000000001125,-1.0500000000002174,0.4,9.958041976211788,-7.250000000000867,0.3684210526315789,-1.0500000000002174,False,False,False,3.6999999999998145,3.9999999999995595,0.6,18.683350877184598,-2.60000000000149,0.3684210526315789,-18.5499999999994,True,False,False,13.800000000001589,6.749999999999812,0.6,10.899605497447727,-18.599999999999728,0.3157894736842105,-8.799999999999919,True,False,False,20.649999999999835,-2.100000000000435,0.4,30.803727047226133,-24.100000000000232,0.3157894736842105,-28.600000000000847,False,False,False
bls:us_employment_situation:20170203T1330Z,us_employment_situation,2017-02-03 13:30:00+00:00,19,5,"[""bls:us_employment_situation:20161202T1330Z"", ""bls:us_employment_situation:20161007T1230Z"", ""bls:us_employment_situation:20161104T1230Z"", ""bls:us_employment_situation:20150109T1330Z"", ""bls:us_employment_situation:20160603T1230Z""]","[""2016-12-02T13:30:00+00:00"", ""2016-10-07T12:30:00+00:00"", ""2016-11-04T12:30:00+00:00"", ""2015-01-09T13:30:00+00:00"", ""2016-06-03T12:30:00+00:00""]","[0.8152403370374546, 0.9120488639677276, 0.9396778653369918, 0.9748489023337171, 0.9819044546235853]",26.299999999999102,11.550000000000171,0.8,27.195837916857414,1.80000000000069,0.5263157894736842,11.550000000000171,True,True,True,25.999999999999357,-7.299999999998974,0.4,43.372894761590715,-14.600000000000168,0.3684210526315789,-7.299999999998974,False,False,False,21.94999999999947,-1.2999999999996348,0.4,49.977350870169445,-22.34999999999987,0.3157894736842105,-1.2999999999996348,False,False,False,22.400000000000198,7.749999999999702,0.6,64.31112967442002,-8.00000000000134,0.3684210526315789,7.749999999999702,True,False,True,47.999999999999154,22.300000000001763,1.0,62.49347645954779,-11.950000000000571,0.42105263157894735,14.74999999999893,True,False,True
bls:us_cpi_release:20170215T1330Z,us_cpi_release,2017-02-15 13:30:00+00:00,20,5,"[""bls:us_cpi_release:20170118T1330Z"", ""bls:us_cpi_release:20161018T1230Z"", ""bls:us_cpi_release:20160414T1230Z"", ""bls:us_cpi_release:20160517T1230Z"", ""bls:us_cpi_release:20161117T1330Z""]","[""2017-01-18T13:30:00+00:00"", ""2016-10-18T12:30:00+00:00"", ""2016-04-14T12:30:00+00:00"", ""2016-05-17T12:30:00+00:00"", ""2016-11-17T13:30:00+00:00""]","[0.5270810610663249, 0.6290171119457606, 0.7423532502342942, 0.7570286464971365, 0.8608438929517623]",-24.399999999999977,-1.9499999999994522,0.4,10.917508873365342,-5.324999999999358,0.3,-3.900000000001125,True,True,True,-30.49999999999997,3.900000000001125,0.6,10.110964345699058,-5.1000000000001044,0.4,-1.0500000000002174,False,True,True,-25.500000000000522,3.6999999999998145,0.6,18.68588772309184,-2.375000000001126,0.4,3.6999999999998145,False,True,False,-12.150000000001882,6.749999999999812,0.6,8.982950517508668,-15.300000000000313,0.35,-6.450000000000067,False,True,True,44.19999999999868,13.900000000000023,0.6,31.711285057531285,-23.950000000000358,0.35,-28.600000000000847,True,False,False
bls:us_employment_situation:20170310T1330Z,us_employment_situation,2017-03-10 13:30:00+00:00,20,5,"[""bls:us_employment_situation:20161202T1330Z"", ""bls:us_employment_situation:20170203T1330Z"", ""bls:us_employment_situation:20161104T1230Z"", ""bls:us_employment_situation:20160603T1230Z"", ""bls:us_employment_situation:20161007T1230Z""]","[""2016-12-02T13:30:00+00:00"", ""2017-02-03T13:30:00+00:00"", ""2016-11-04T12:30:00+00:00"", ""2016-06-03T12:30:00+00:00"", ""2016-10-07T12:30:00+00:00""]","[0.4743966081880337, 0.6486596265786986, 0.7427743950553496, 0.7610240243142776, 0.8316573868412533]",12.600000000000389,17.75000000000082,0.8,26.437806263000937,3.049999999999997,0.55,17.75000000000082,True,True,True,14.200000000001989,11.799999999999589,0.6,41.03216299441237,-13.699999999999823,0.4,11.799999999999589,True,False,True,29.55000000000041,15.300000000000313,0.6,39.0628135187422,-18.599999999999728,0.35,15.300000000000313,True,False,True,29.700000000001392,22.400000000000198,0.8,55.28331936488651,-7.750000000000812,0.4,22.400000000000198,True,False,True,67.4000000000019,33.60000000000029,1.0,60.44367129816039,-11.725000000000207,0.45,22.300000000001763,True,False,True
bls:us_cpi_release:20170315T1230Z,us_cpi_release,2017-03-15 12:30:00+00:00,21,5,"[""bls:us_cpi_release:20170215T1330Z"", ""bls:us_cpi_release:20170118T1330Z"", ""bls:us_cpi_release:20160517T1230Z"", ""bls:us_cpi_release:20161018T1230Z"", ""bls:us_cpi_release:20160414T1230Z""]","[""2017-02-15T13:30:00+00:00"", ""2017-01-18T13:30:00+00:00"", ""2016-05-17T12:30:00+00:00"", ""2016-10-18T12:30:00+00:00"", ""2016-04-14T12:30:00+00:00""]","[0.4777109127634062, 0.5063748665739316, 0.8823205010094399, 0.8983536681820733, 0.9606038487581445]",-4.850000000000687,-1.9499999999994522,0.4,14.72476145816999,-5.8499999999983565,0.2857142857142857,-3.900000000001125,True,True,True,-5.550000000000832,3.900000000001125,0.6,15.540579139787596,-7.250000000000867,0.38095238095238093,-1.0500000000002174,False,True,True,-4.3999999999999595,3.6999999999998145,0.6,19.733484233657503,-2.60000000000149,0.38095238095238093,3.6999999999998145,False,True,False,-15.050000000000896,6.749999999999812,0.6,9.914010288476666,-12.150000000001882,0.3333333333333333,-6.450000000000067,False,True,True,-2.5999999999992696,20.649999999999835,0.8,14.910251506932758,-23.800000000000487,0.38095238095238093,-2.100000000000435,False,True,True
bls:us_employment_situation:20170407T1230Z,us_employment_situation,2017-04-07 12:30:00+00:00,21,5,"[""bls:us_employment_situation:20170310T1330Z"", ""bls:us_employment_situation:20161202T1330Z"", ""bls:us_employment_situation:20160603T1230Z"", ""bls:us_employment_situation:20161104T1230Z"", ""bls:us_employment_situation:20170203T1330Z""]","[""2017-03-10T13:30:00+00:00"", ""2016-12-02T13:30:00+00:00"", ""2016-06-03T12:30:00+00:00"", ""2016-11-04T12:30:00+00:00"", ""2017-02-03T13:30:00+00:00""]","[0.318264892776698, 0.6109147360875827, 0.7633775578119459, 0.7731912548960965, 0.8369230183029044]",23.999999999999577,12.600000000000389,0.8,26.687139224727172,4.299999999999304,0.5714285714285714,12.600000000000389,True,True,True,17.699999999998273,14.200000000001989,0.8,38.667976414599536,-12.799999999999478,0.42857142857142855,11.799999999999589,True,False,True,1.5499999999990521,21.94999999999947,0.6,38.75958462109764,-14.849999999999586,0.38095238095238093,15.300000000000313,True,False,True,-15.650000000000386,22.400000000000198,0.8,55.2795857437448,-7.500000000000284,0.42857142857142855,22.400000000000198,False,True,False,-23.500000000000743,47.999999999999154,1.0,56.191408595976895,-11.499999999999844,0.47619047619047616,33.60000000000029,False,True,False
bls:us_cpi_release:20170414T1230Z,us_cpi_release,2017-04-14 12:30:00+00:00,22,5,"[""bls:us_cpi_release:20170315T1230Z"", ""bls:us_cpi_release:20170118T1330Z"", ""bls:us_cpi_release:20170215T1330Z"", ""bls:us_cpi_release:20160916T1230Z"", ""bls:us_cpi_release:20161117T1330Z""]","[""2017-03-15T12:30:00+00:00"", ""2017-01-18T13:30:00+00:00"", ""2017-02-15T13:30:00+00:00"", ""2016-09-16T12:30:00+00:00"", ""2016-11-17T13:30:00+00:00""]","[0.7269793947245979, 0.7684405077772745, 0.7881088229642625, 0.9466611308749858, 0.9604087797617769]",8.700000000001484,-9.250000000000647,0.0,8.472095372456291,-5.349999999999522,0.2727272727272727,-4.850000000000687,False,False,False,8.449999999999847,-13.799999999999368,0.2,11.505277050119371,-6.4000000000008495,0.36363636363636365,-5.550000000000832,False,False,False,11.400000000001409,-21.899999999999142,0.2,11.559826988324522,-3.5000000000007248,0.36363636363636365,-4.3999999999999595,False,False,False,14.250000000000096,-12.150000000001882,0.2,21.41739013045227,-13.600000000001389,0.3181818181818182,-8.799999999999919,False,False,False,10.40000000000152,-2.5999999999992696,0.4,45.65606202904451,-19.550000000000402,0.36363636363636365,-2.5999999999992696,False,False,False
bls:us_employment_situation:20170505T1230Z,us_employment_situation,2017-05-05 12:30:00+00:00,22,5,"[""bls:us_employment_situation:20170407T1230Z"", ""bls:us_employment_situation:20170310T1330Z"", ""bls:us_employment_situation:20160603T1230Z"", ""bls:us_employment_situation:20161202T1330Z"", ""bls:us_employment_situation:20161007T1230Z""]","[""2017-04-07T12:30:00+00:00"", ""2017-03-10T13:30:00+00:00"", ""2016-06-03T12:30:00+00:00"", ""2016-12-02T13:30:00+00:00"", ""2016-10-07T12:30:00+00:00""]","[0.37327956813445734, 0.4634170791213609, 0.6587118510096985, 0.6660290718461845, 0.7468264741466472]",-0.5999999999994898,17.75000000000082,1.0,21.097426383328983,7.924999999999738,0.5909090909090909,12.600000000000389,False,False,False,13.750000000001261,14.200000000001989,0.8,37.43875532119111,-10.049999999999226,0.45454545454545453,14.200000000001989,True,False,True,19.850000000001256,15.300000000000313,0.8,37.09260573214076,-12.47499999999957,0.4090909090909091,1.5499999999990521,True,False,True,14.100000000001334,29.700000000001392,0.8,56.439034364524986,-7.750000000000812,0.4090909090909091,7.749999999999702,True,False,True,28.95000000000092,33.60000000000029,0.8,68.63777822744639,-11.725000000000207,0.45454545454545453,33.60000000000029,True,False,True
bls:us_cpi_release:20170512T1230Z,us_cpi_release,2017-05-12 12:30:00+00:00,23,5,"[""bls:us_cpi_release:20170315T1230Z"", ""bls:us_cpi_release:20170414T1230Z"", ""bls:us_cpi_release:20170215T1330Z"", ""bls:us_cpi_release:20170118T1330Z"", ""bls:us_cpi_release:20160916T1230Z""]","[""2017-03-15T12:30:00+00:00"", ""2017-04-14T12:30:00+00:00"", ""2017-02-15T13:30:00+00:00"", ""2017-01-18T13:30:00+00:00"", ""2016-09-16T12:30:00+00:00""]","[0.552636129898857, 0.5899812556986673, 0.6115653165108335, 0.7377948540810918, 0.7687459966304455]",11.749999999999261,-4.850000000000687,0.2,11.913227942082028,-4.850000000000687,0.30434782608695654,-3.900000000001125,False,False,False,12.049999999999006,-5.550000000000832,0.4,14.16140529749788,-5.550000000000832,0.391304347826087,-1.0500000000002174,False,False,False,36.09999999999891,-4.3999999999999595,0.4,14.379026392632046,-2.60000000000149,0.391304347826087,3.6999999999998145,False,False,True,46.10000000000003,-12.150000000001882,0.4,24.507149977098404,-12.150000000001882,0.34782608695652173,13.800000000001589,False,False,True,46.99999999999926,10.40000000000152,0.6,38.968269142982976,-15.300000000000313,0.391304347826087,10.40000000000152,True,False,True
bls:us_employment_situation:20170602T1230Z,us_employment_situation,2017-06-02 12:30:00+00:00,23,5,"[""bls:us_employment_situation:20170407T1230Z"", ""bls:us_employment_situation:20170505T1230Z"", ""bls:us_employment_situation:20170310T1330Z"", ""bls:us_employment_situation:20160603T1230Z"", ""bls:us_employment_situation:20161202T1330Z""]","[""2017-04-07T12:30:00+00:00"", ""2017-05-05T12:30:00+00:00"", ""2017-03-10T13:30:00+00:00"", ""2016-06-03T12:30:00+00:00"", ""2016-12-02T13:30:00+00:00""]","[0.28834964241460814, 0.30837015925129924, 0.4090116420851893, 0.5768702087374351, 0.58470415882206]",25.049999999999795,12.600000000000389,0.8,23.77668185428706,4.299999999999304,0.5652173913043478,12.600000000000389,True,True,True,45.65000000000152,14.200000000001989,1.0,34.36772613950506,-7.299999999998974,0.4782608695652174,14.200000000001989,True,False,True,59.95000000000194,19.850000000001256,0.8,36.80024456440525,-10.099999999999554,0.43478260869565216,19.850000000001256,True,False,True,48.75000000000185,14.100000000001334,0.8,57.316850925360754,-7.500000000000284,0.43478260869565216,14.100000000001334,True,False,True,51.75000000000151,33.60000000000029,0.8,67.23103896267024,-11.499999999999844,0.4782608695652174,33.60000000000029,True,False,True
bls:us_cpi_release:20170614T1230Z,us_cpi_release,2017-06-14 12:30:00+00:00,24,5,"[""bls:us_cpi_release:20170512T1230Z"", ""bls:us_cpi_release:20170315T1230Z"", ""bls:us_cpi_release:20170215T1330Z"", ""bls:us_cpi_release:20170118T1330Z"", ""bls:us_cpi_release:20160517T1230Z""]","[""2017-05-12T12:30:00+00:00"", ""2017-03-15T12:30:00+00:00"", ""2017-02-15T13:30:00+00:00"", ""2017-01-18T13:30:00+00:00"", ""2016-05-17T12:30:00+00:00""]","[0.5190510326502057, 0.5673398761453095, 0.600039855894024, 0.6287394669845923, 0.7002256226622151]",24.75000000000005,-4.850000000000687,0.2,11.72073376542597,-4.825000000000523,0.3333333333333333,-1.9499999999994522,False,False,False,45.6499999999993,-5.550000000000832,0.4,14.383372344481572,-4.250000000000087,0.4166666666666667,3.900000000001125,False,False,True,48.500000000000206,-2.60000000000149,0.4,19.912870209992146,-2.375000000001126,0.4166666666666667,3.6999999999998145,False,False,True,66.6000000000011,6.749999999999812,0.6,22.018524019561973,-12.07500000000139,0.375,13.800000000001589,True,False,True,71.69999999999898,20.999999999999908,0.8,18.131795277908264,-8.949999999999791,0.4166666666666667,20.649999999999835,True,False,True
bls:us_employment_situation:20170707T1230Z,us_employment_situation,2017-07-07 12:30:00+00:00,24,5,"[""bls:us_employment_situation:20170505T1230Z"", ""bls:us_employment_situation:20170602T1230Z"", ""bls:us_employment_situation:20170407T1230Z"", ""bls:us_employment_situation:20170310T1330Z"", ""bls:us_employment_situation:20160603T1230Z""]","[""2017-05-05T12:30:00+00:00"", ""2017-06-02T12:30:00+00:00"", ""2017-04-07T12:30:00+00:00"", ""2017-03-10T13:30:00+00:00"", ""2016-06-03T12:30:00+00:00""]","[0.35189854824041444, 0.39295157215863225, 0.5056990623210674, 0.6021198007851893, 0.7323688264349668]",20.899999999999253,23.999999999999577,0.8,23.065398327364402,7.924999999999738,0.5833333333333334,23.999999999999577,True,True,True,26.399999999999757,17.699999999998273,1.0,33.127985148511726,2.2500000000003073,0.5,17.699999999998273,True,True,True,13.34999999999864,29.55000000000041,1.0,34.49794196760216,-5.699999999999594,0.4583333333333333,21.94999999999947,True,False,True,-13.350000000000861,29.700000000001392,0.8,55.4938320897018,-5.399999999999849,0.4583333333333333,22.400000000000198,False,True,False,-9.300000000000974,51.75000000000151,0.8,66.35824741507325,1.6249999999995435,0.5,47.999999999999154,False,False,False
bls:us_employment_situation:20170804T1230Z,us_employment_situation,2017-08-04 12:30:00+00:00,25,5,"[""bls:us_employment_situation:20170707T1230Z"", ""bls:us_employment_situation:20170602T1230Z"", ""bls:us_employment_situation:20170505T1230Z"", ""bls:us_employment_situation:20170407T1230Z"", ""bls:us_employment_situation:20170310T1330Z""]","[""2017-07-07T12:30:00+00:00"", ""2017-06-02T12:30:00+00:00"", ""2017-05-05T12:30:00+00:00"", ""2017-04-07T12:30:00+00:00"", ""2017-03-10T13:30:00+00:00""]","[0.28523790060493925, 0.39829940141315145, 0.4586653819507559, 0.4722309707442467, 0.6300567195552701]",-26.500000000000412,20.899999999999253,0.8,9.552716891020722,11.550000000000171,0.6,20.899999999999253,False,False,False,-26.650000000001395,17.699999999998273,1.0,11.95171117455592,11.799999999999589,0.52,17.699999999998273,False,False,False,-9.600000000000719,19.850000000001256,1.0,19.769876074473526,-1.2999999999996348,0.48,19.850000000001256,False,True,False,-28.250000000000774,14.100000000001334,0.6,24.790671632693822,-7.500000000000284,0.44,14.100000000001334,False,True,False,-114.54999999999993,28.95000000000092,0.6,34.75297685091278,-9.300000000000974,0.48,28.95000000000092,False,True,False
bls:us_cpi_release:20170811T1230Z,us_cpi_release,2017-08-11 12:30:00+00:00,25,5,"[""bls:us_cpi_release:20150916T1230Z"", ""bls:us_cpi_release:20170414T1230Z"", ""bls:us_cpi_release:20170118T1330Z"", ""bls:us_cpi_release:20170614T1230Z"", ""bls:us_cpi_release:20160316T1230Z""]","[""2015-09-16T12:30:00+00:00"", ""2017-04-14T12:30:00+00:00"", ""2017-01-18T13:30:00+00:00"", ""2017-06-14T12:30:00+00:00"", ""2016-03-16T12:30:00+00:00""]","[1.1466600460930438, 1.2381189439062636, 1.2751423900766083, 1.2880456852622566, 1.2957204916251024]",30.650000000000954,0.3999999999981796,0.6,12.92093649856726,-4.8000000000003595,0.36,8.700000000001484,True,False,True,38.65000000000007,8.449999999999847,0.8,19.787106913340857,-2.949999999999342,0.44,8.449999999999847,True,False,True,52.5500000000001,11.400000000001409,0.8,21.03754738556798,-2.1500000000007624,0.44,11.400000000001409,True,False,True,40.19999999999912,14.250000000000096,0.8,30.01178768417554,-12.000000000000899,0.4,14.250000000000096,True,False,True,51.65000000000086,20.649999999999835,0.8,34.84054247568434,-2.5999999999992696,0.44,44.19999999999868,True,False,True
bls:us_employment_situation:20170901T1230Z,us_employment_situation,2017-09-01 12:30:00+00:00,26,5,"[""bls:us_employment_situation:20170804T1230Z"", ""bls:us_employment_situation:20170602T1230Z"", ""bls:us_employment_situation:20170707T1230Z"", ""bls:us_employment_situation:20170407T1230Z"", ""bls:us_employment_situation:20170505T1230Z""]","[""2017-08-04T12:30:00+00:00"", ""2017-06-02T12:30:00+00:00"", ""2017-07-07T12:30:00+00:00"", ""2017-04-07T12:30:00+00:00"", ""2017-05-05T12:30:00+00:00""]","[0.5900025155839753, 0.6097585335920019, 0.6265238483799649, 0.6528981494418453, 0.6911666718105505]",50.299999999998676,20.899999999999253,0.6,19.878118623249943,7.924999999999738,0.5769230769230769,20.899999999999253,True,True,True,56.39999999999867,17.699999999998273,0.8,23.71612531591192,2.2500000000003073,0.5,17.699999999998273,True,True,True,7.199999999998319,13.34999999999864,0.8,23.716694542032,-5.450000000000177,0.46153846153846156,13.34999999999864,True,False,True,-15.95000000000013,-13.350000000000861,0.4,27.532918479522994,-7.750000000000812,0.4230769230769231,-13.350000000000861,True,True,True,-34.35000000000077,-9.300000000000974,0.4,57.25061222380118,-10.400000000000409,0.46153846153846156,-9.300000000000974,True,True,True
bls:us_cpi_release:20170914T1230Z,us_cpi_release,2017-09-14 12:30:00+00:00,26,5,"[""bls:us_cpi_release:20161117T1330Z"", ""bls:us_cpi_release:20170414T1230Z"", ""bls:us_cpi_release:20170118T1330Z"", ""bls:us_cpi_release:20160120T1330Z"", ""bls:us_cpi_release:20150324T1230Z""]","[""2016-11-17T13:30:00+00:00"", ""2017-04-14T12:30:00+00:00"", ""2017-01-18T13:30:00+00:00"", ""2016-01-20T13:30:00+00:00"", ""2015-03-24T12:30:00+00:00""]","[0.8663255064244226, 0.9689396083098344, 0.9860426487080342, 1.0010066221404197, 1.052287959309394]",-45.29999999999923,-1.9499999999994522,0.4,12.811853886147826,-4.699999999999704,0.38461538461538464,11.749999999999261,True,True,False,-35.149999999999345,3.900000000001125,0.6,16.899094650305095,-1.9999999999997797,0.46153846153846156,12.049999999999006,False,True,False,-26.649999999999174,11.400000000001409,0.8,14.736811052598949,-1.3249999999997986,0.46153846153846156,36.09999999999891,False,True,False,-19.3500000000002,13.34999999999864,0.6,25.848740781708766,-10.400000000000409,0.4230769230769231,40.19999999999912,False,True,False,-14.700000000000824,10.40000000000152,0.6,45.18764654194734,-2.349999999999852,0.46153846153846156,46.99999999999926,False,True,False
bls:us_employment_situation:20171006T1230Z,us_employment_situation,2017-10-06 12:30:00+00:00,27,5,"[""bls:us_employment_situation:20170901T1230Z"", ""bls:us_employment_situation:20150702T1230Z"", ""bls:us_employment_situation:20151002T1230Z"", ""bls:us_employment_situation:20161104T1230Z"", ""bls:us_employment_situation:20161202T1330Z""]","[""2017-09-01T12:30:00+00:00"", ""2015-07-02T12:30:00+00:00"", ""2015-10-02T12:30:00+00:00"", ""2016-11-04T12:30:00+00:00"", ""2016-12-02T13:30:00+00:00""]","[0.8877003005579737, 1.0154342581156262, 1.1091884534435126, 1.1152011614639423, 1.174697917447413]",-15.450000000001296,45.50000000000054,0.8,36.21887629399854,11.550000000000171,0.5925925925925926,20.899999999999253,False,False,False,-17.75000000000082,56.39999999999867,0.8,43.60932239785464,11.799999999999589,0.5185185185185185,26.399999999999757,False,False,False,-17.80000000000115,7.199999999998319,0.6,54.62324962870725,-1.2999999999996348,0.48148148148148145,13.34999999999864,False,True,False,-4.900000000001015,7.749999999999702,0.6,59.602169423604025,-8.00000000000134,0.4074074074074074,-13.350000000000861,False,True,True,27.800000000000047,33.60000000000029,0.8,44.13968056069339,-11.499999999999844,0.4444444444444444,-9.300000000000974,True,False,False
bls:us_cpi_release:20171013T1230Z,us_cpi_release,2017-10-13 12:30:00+00:00,27,5,"[""bls:us_cpi_release:20170512T1230Z"", ""bls:us_cpi_release:20170414T1230Z"", ""bls:us_cpi_release:20170614T1230Z"", ""bls:us_cpi_release:20170118T1330Z"", ""bls:us_cpi_release:20160916T1230Z""]","[""2017-05-12T12:30:00+00:00"", ""2017-04-14T12:30:00+00:00"", ""2017-06-14T12:30:00+00:00"", ""2017-01-18T13:30:00+00:00"", ""2016-09-16T12:30:00+00:00""]","[0.6776021332335896, 0.733025646643516, 0.7503402382672346, 0.8001969445075064, 0.838060863932977]",28.55000000000052,8.700000000001484,0.6,14.571410364133763,-4.8000000000003595,0.37037037037037035,11.749999999999261,True,False,True,49.15000000000003,8.449999999999847,0.8,20.167359767703353,-2.949999999999342,0.4444444444444444,12.049999999999006,True,False,True,60.700000000000195,11.400000000001409,0.8,24.877588307550642,-2.1500000000007624,0.4444444444444444,36.09999999999891,True,False,True,65.55000000000088,14.250000000000096,0.8,40.43259328808848,-12.000000000000899,0.4074074074074074,40.19999999999912,True,False,True,37.75000000000084,20.649999999999835,0.8,48.48646821536848,-2.5999999999992696,0.4444444444444444,46.99999999999926,True,False,True
bls:us_employment_situation:20171103T1230Z,us_employment_situation,2017-11-03 12:30:00+00:00,28,5,"[""bls:us_employment_situation:20170707T1230Z"", ""bls:us_employment_situation:20170505T1230Z"", ""bls:us_employment_situation:20170804T1230Z"", ""bls:us_employment_situation:20160603T1230Z"", ""bls:us_employment_situation:20161007T1230Z""]","[""2017-07-07T12:30:00+00:00"", ""2017-05-05T12:30:00+00:00"", ""2017-08-04T12:30:00+00:00"", ""2016-06-03T12:30:00+00:00"", ""2016-10-07T12:30:00+00:00""]","[0.6807342691457652, 0.7149879887424956, 0.7309231177601966, 0.7572896388608765, 0.8162562999160536]",26.000000000001577,17.75000000000082,0.6,31.04207789436771,7.924999999999738,0.5714285714285714,20.899999999999253,True,True,True,26.000000000001577,13.750000000001261,0.6,43.39929262096382,2.2500000000003073,0.5,26.399999999999757,True,True,True,12.150000000001882,15.300000000000313,0.8,37.46519718352022,-5.450000000000177,0.4642857142857143,7.199999999998319,True,False,True,-6.499999999998174,14.100000000001334,0.6,63.02822700980929,-7.750000000000812,0.39285714285714285,-13.350000000000861,False,True,True,-50.14999999999991,14.74999999999893,0.6,93.89406797024026,-10.400000000000409,0.4642857142857143,-9.300000000000974,False,True,True
bls:us_cpi_release:20171115T1330Z,us_cpi_release,2017-11-15 13:30:00+00:00,28,5,"[""bls:us_cpi_release:20170118T1330Z"", ""bls:us_cpi_release:20170215T1330Z"", ""bls:us_cpi_release:20170512T1230Z"", ""bls:us_cpi_release:20170614T1230Z"", ""bls:us_cpi_release:20170315T1230Z""]","[""2017-01-18T13:30:00+00:00"", ""2017-02-15T13:30:00+00:00"", ""2017-05-12T12:30:00+00:00"", ""2017-06-14T12:30:00+00:00"", ""2017-03-15T12:30:00+00:00""]","[0.5920356168693666, 0.6342762970269281, 0.6485096692669747, 0.6711781114965539, 0.6938549411151238]",-7.249999999998646,-1.9499999999994522,0.4,16.5389963419791,-4.699999999999704,0.39285714285714285,24.75000000000005,True,True,False,12.700000000001044,3.900000000001125,0.6,24.798495922131824,-1.9999999999997797,0.4642857142857143,38.65000000000007,True,False,True,20.700000000000163,3.6999999999998145,0.6,27.04310633044955,-1.3249999999997986,0.4642857142857143,48.500000000000206,True,False,True,-21.449999999998415,13.800000000001589,0.6,32.10369760635142,-10.400000000000409,0.42857142857142855,46.10000000000003,False,True,False,-45.999999999999375,44.19999999999868,0.8,25.251265314830615,-2.349999999999852,0.4642857142857143,46.99999999999926,False,True,False
bls:us_employment_situation:20171208T1330Z,us_employment_situation,2017-12-08 13:30:00+00:00,29,5,"[""bls:us_employment_situation:20170901T1230Z"", ""bls:us_employment_situation:20170310T1330Z"", ""bls:us_employment_situation:20170602T1230Z"", ""bls:us_employment_situation:20170407T1230Z"", ""bls:us_employment_situation:20170804T1230Z""]","[""2017-09-01T12:30:00+00:00"", ""2017-03-10T13:30:00+00:00"", ""2017-06-02T12:30:00+00:00"", ""2017-04-07T12:30:00+00:00"", ""2017-08-04T12:30:00+00:00""]","[0.3948285172239082, 0.5007445062326391, 0.5230928709573671, 0.5314334713242689, 0.5408410005394665]",14.499999999999513,23.999999999999577,0.8,25.037020589518775,11.550000000000171,0.5862068965517241,20.899999999999253,True,True,True,1.2999999999996348,17.699999999998273,0.8,28.939167230589405,11.799999999999589,0.5172413793103449,26.000000000001577,True,True,True,16.050000000000786,7.199999999998319,0.8,24.665129231367427,-1.2999999999996348,0.4827586206896552,7.199999999998319,True,False,True,24.450000000000305,-15.650000000000386,0.4,29.95612792067863,-7.500000000000284,0.3793103448275862,-13.350000000000861,False,False,False,23.400000000000087,-23.500000000000743,0.4,65.58595123957649,-11.499999999999844,0.4482758620689655,-34.35000000000077,False,False,False
bls:us_cpi_release:20171213T1330Z,us_cpi_release,2017-12-13 13:30:00+00:00,29,5,"[""bls:us_cpi_release:20171115T1330Z"", ""bls:us_cpi_release:20170614T1230Z"", ""bls:us_cpi_release:20170215T1330Z"", ""bls:us_cpi_release:20170512T1230Z"", ""bls:us_cpi_release:20170118T1330Z""]","[""2017-11-15T13:30:00+00:00"", ""2017-06-14T12:30:00+00:00"", ""2017-02-15T13:30:00+00:00"", ""2017-05-12T12:30:00+00:00"", ""2017-01-18T13:30:00+00:00""]","[0.42194009927540893, 0.49746077263939026, 0.5722656503957291, 0.6249769246222882, 0.6468110953406719]",19.299999999999873,-1.9499999999994522,0.4,16.737192118153875,-4.8000000000003595,0.3793103448275862,24.75000000000005,False,False,True,27.449999999999974,12.049999999999006,0.8,24.298917671369388,-1.0500000000002174,0.4827586206896552,38.65000000000007,True,False,True,26.850000000000485,20.700000000000163,0.8,25.8976446805497,-0.4999999999988347,0.4827586206896552,48.500000000000206,True,False,True,23.450000000000415,13.800000000001589,0.6,33.56442461893271,-12.000000000000899,0.41379310344827586,40.19999999999912,True,False,True,28.55000000000052,44.19999999999868,0.8,40.154581307740585,-2.5999999999992696,0.4482758620689655,37.75000000000084,True,False,True
bls:us_employment_situation:20180105T1330Z,us_employment_situation,2018-01-05 13:30:00+00:00,30,5,"[""bls:us_employment_situation:20170804T1230Z"", ""bls:us_employment_situation:20171208T1330Z"", ""bls:us_employment_situation:20170707T1230Z"", ""bls:us_employment_situation:20171103T1230Z"", ""bls:us_employment_situation:20170407T1230Z""]","[""2017-08-04T12:30:00+00:00"", ""2017-12-08T13:30:00+00:00"", ""2017-07-07T12:30:00+00:00"", ""2017-11-03T12:30:00+00:00"", ""2017-04-07T12:30:00+00:00""]","[0.5061190162481836, 0.532353025959588, 0.5382147371914435, 0.5530624779382005, 0.5625529916287711]",25.850000000000595,20.899999999999253,0.8,19.53186115043853,12.07500000000028,0.6,14.499999999999513,True,True,True,22.54999999999896,17.699999999998273,0.8,19.988246546408817,6.549999999999612,0.5333333333333333,1.2999999999996348,True,True,True,9.550000000000392,12.150000000001882,0.8,9.524284750048691,0.12499999999970868,0.5,7.199999999998319,True,True,True,-23.400000000000087,-13.350000000000861,0.2,17.620227013293967,-6.999999999999229,0.4,-6.499999999998174,True,True,True,-10.000000000001119,-23.500000000000743,0.2,46.39151431027,-10.400000000000409,0.4666666666666667,-34.35000000000077,True,True,True
bls:us_cpi_release:20180112T1330Z,us_cpi_release,2018-01-12 13:30:00+00:00,30,5,"[""bls:us_cpi_release:20171213T1330Z"", ""bls:us_cpi_release:20171115T1330Z"", ""bls:us_cpi_release:20170614T1230Z"", ""bls:us_cpi_release:20170414T1230Z"", ""bls:us_cpi_release:20170118T1330Z""]","[""2017-12-13T13:30:00+00:00"", ""2017-11-15T13:30:00+00:00"", ""2017-06-14T12:30:00+00:00"", ""2017-04-14T12:30:00+00:00"", ""2017-01-18T13:30:00+00:00""]","[0.4245257916805356, 0.5656873279333159, 0.6411204738095393, 0.6851384830720839, 0.6958157381454436]",-17.54999999999951,8.700000000001484,0.6,12.147320692234514,-4.699999999999704,0.4,19.299999999999873,False,True,False,3.1000000000003247,12.700000000001044,1.0,15.222634463192742,1.4250000000004537,0.5,27.449999999999974,True,True,True,-26.100000000000012,20.700000000000163,1.0,15.326108442784758,1.60000000000049,0.5,26.850000000000485,False,False,False,3.8000000000004697,14.250000000000096,0.8,28.180926173566263,-10.400000000000409,0.43333333333333335,23.450000000000415,True,False,True,-13.099999999999223,20.649999999999835,0.8,37.81892912286068,-2.349999999999852,0.4666666666666667,28.55000000000052,False,True,False
bls:us_employment_situation:20180309T1330Z,us_employment_situation,2018-03-09 13:30:00+00:00,31,5,"[""bls:us_employment_situation:20170203T1330Z"", ""bls:us_employment_situation:20170707T1230Z"", ""bls:us_employment_situation:20171208T1330Z"", ""bls:us_employment_situation:20170310T1330Z"", ""bls:us_employment_situation:20170804T1230Z""]","[""2017-02-03T13:30:00+00:00"", ""2017-07-07T12:30:00+00:00"", ""2017-12-08T13:30:00+00:00"", ""2017-03-10T13:30:00+00:00"", ""2017-08-04T12:30:00+00:00""]","[0.5205676567210595, 0.7249630440134495, 0.751110314186567, 0.7792703444705554, 0.8430247684282512]",0.5500000000013827,14.499999999999513,0.8,18.66971879809645,12.600000000000389,0.6129032258064516,25.850000000000595,True,True,True,16.80000000000126,14.200000000001989,0.8,19.729166226681222,11.799999999999589,0.5483870967741935,22.54999999999896,True,True,True,-8.949999999998681,16.050000000000786,0.8,13.162461775823274,1.5499999999990521,0.5161290322580645,9.550000000000392,False,False,False,13.350000000000861,22.400000000000198,0.6,23.296510468309062,-7.500000000000284,0.3870967741935484,-6.499999999998174,True,False,False,36.750000000000945,23.400000000000087,0.6,64.12146598448943,-10.000000000001119,0.45161290322580644,-10.000000000001119,True,False,False
bls:us_employment_situation:20180406T1230Z,us_employment_situation,2018-04-06 12:30:00+00:00,32,5,"[""bls:us_employment_situation:20171208T1330Z"", ""bls:us_employment_situation:20170901T1230Z"", ""bls:us_employment_situation:20170310T1330Z"", ""bls:us_employment_situation:20170407T1230Z"", ""bls:us_employment_situation:20170602T1230Z""]","[""2017-12-08T13:30:00+00:00"", ""2017-09-01T12:30:00+00:00"", ""2017-03-10T13:30:00+00:00"", ""2017-04-07T12:30:00+00:00"", ""2017-06-02T12:30:00+00:00""]","[0.4273371270738693, 0.4750015327224676, 0.5927667548877458, 0.6008614851857825, 0.6054556472698178]",20.999999999999908,23.999999999999577,1.0,13.451260164013895,12.07500000000028,0.625,14.499999999999513,True,True,True,24.599999999999067,17.699999999998273,1.0,20.605775889298506,11.824999999999752,0.5625,16.80000000000126,True,True,True,3.5999999999991594,16.050000000000786,1.0,20.814187469128992,0.12499999999970868,0.5,9.550000000000392,True,True,True,43.75000000000018,24.450000000000305,0.6,25.841989087530425,-6.999999999999229,0.40625,-4.900000000001015,True,False,False,37.24999999999978,23.400000000000087,0.6,40.16400627427607,-9.650000000001047,0.46875,23.400000000000087,True,False,True
bls:us_employment_situation:20180504T1230Z,us_employment_situation,2018-05-04 12:30:00+00:00,33,5,"[""bls:us_employment_situation:20180406T1230Z"", ""bls:us_employment_situation:20170901T1230Z"", ""bls:us_employment_situation:20171208T1330Z"", ""bls:us_employment_situation:20170310T1330Z"", ""bls:us_employment_situation:20170407T1230Z""]","[""2018-04-06T12:30:00+00:00"", ""2017-09-01T12:30:00+00:00"", ""2017-12-08T13:30:00+00:00"", ""2017-03-10T13:30:00+00:00"", ""2017-04-07T12:30:00+00:00""]","[0.3978678672404868, 0.5732469993749076, 0.5814768646627692, 0.6066525672465213, 0.6260365297250373]",23.299999999999432,20.999999999999908,1.0,13.5628020703683,12.600000000000389,0.6363636363636364,20.999999999999908,True,True,True,16.599999999999948,17.699999999998273,1.0,18.408758784882302,11.849999999999916,0.5757575757575758,22.54999999999896,True,True,True,6.900000000000794,7.199999999998319,1.0,10.26028264717955,1.5499999999990521,0.5151515151515151,9.550000000000392,True,True,True,-43.349999999999774,24.450000000000305,0.6,24.552564020892376,-6.499999999998174,0.42424242424242425,13.350000000000861,False,True,False,-20.199999999999108,23.400000000000087,0.6,38.011700830139986,-9.300000000000974,0.48484848484848486,23.400000000000087,False,True,False
bls:us_cpi_release:20180510T1230Z,us_cpi_release,2018-05-10 12:30:00+00:00,31,5,"[""bls:us_cpi_release:20170811T1230Z"", ""bls:us_cpi_release:20150324T1230Z"", ""bls:us_cpi_release:20150916T1230Z"", ""bls:us_cpi_release:20160316T1230Z"", ""bls:us_cpi_release:20160816T1230Z""]","[""2017-08-11T12:30:00+00:00"", ""2015-03-24T12:30:00+00:00"", ""2015-09-16T12:30:00+00:00"", ""2016-03-16T12:30:00+00:00"", ""2016-08-16T12:30:00+00:00""]","[1.830474736204405, 1.9477376903713262, 1.953282958014908, 2.2775285125931686, 2.5617803115917837]",22.100000000000453,0.3999999999981796,0.6,22.355030753725224,-4.8000000000003595,0.3870967741935484,-7.249999999998646,True,False,False,26.399999999999757,8.099999999999774,0.6,25.878879419325006,3.1000000000003247,0.5161290322580645,12.700000000001044,True,True,True,32.250000000000334,20.5500000000014,0.6,26.413765350665425,-0.4999999999988347,0.4838709677419355,20.700000000000163,True,False,True,49.25000000000068,-24.600000000001288,0.4,39.52454174307311,-8.799999999999919,0.45161290322580644,3.8000000000004697,False,False,True,31.7500000000015,-15.300000000000313,0.4,54.01805809171569,-2.5999999999992696,0.45161290322580644,-13.099999999999223,False,False,False
bls:us_employment_situation:20180601T1230Z,us_employment_situation,2018-06-01 12:30:00+00:00,34,5,"[""bls:us_employment_situation:20180105T1330Z"", ""bls:us_employment_situation:20170804T1230Z"", ""bls:us_employment_situation:20170707T1230Z"", ""bls:us_employment_situation:20170505T1230Z"", ""bls:us_employment_situation:20171103T1230Z""]","[""2018-01-05T13:30:00+00:00"", ""2017-08-04T12:30:00+00:00"", ""2017-07-07T12:30:00+00:00"", ""2017-05-05T12:30:00+00:00"", ""2017-11-03T12:30:00+00:00""]","[0.4320213646471737, 0.5775638866540296, 0.5826852955643943, 0.6153129943414668, 0.6162538411898986]",-22.500000000000853,20.899999999999253,0.6,20.331541997596123,13.549999999999951,0.6470588235294118,20.999999999999908,False,False,False,-3.949999999999232,22.54999999999896,0.8,20.053463541244575,12.800000000000589,0.5882352941176471,16.80000000000126,False,False,False,6.749999999999812,12.150000000001882,0.8,9.927859789502008,2.574999999999106,0.5294117647058824,6.900000000000794,True,True,True,9.699999999999154,-13.350000000000861,0.2,14.87247793745291,-6.999999999999229,0.4117647058823529,13.350000000000861,False,False,True,-0.3500000000000725,-10.000000000001119,0.2,48.689253434407895,-9.650000000001047,0.47058823529411764,23.400000000000087,True,True,False
bls:us_cpi_release:20180612T1230Z,us_cpi_release,2018-06-12 12:30:00+00:00,32,5,"[""bls:us_cpi_release:20170512T1230Z"", ""bls:us_cpi_release:20171115T1330Z"", ""bls:us_cpi_release:20170315T1230Z"", ""bls:us_cpi_release:20171013T1230Z"", ""bls:us_cpi_release:20161117T1330Z""]","[""2017-05-12T12:30:00+00:00"", ""2017-11-15T13:30:00+00:00"", ""2017-03-15T12:30:00+00:00"", ""2017-10-13T12:30:00+00:00"", ""2016-11-17T13:30:00+00:00""]","[0.8321881338837958, 0.8443102846105364, 0.8575219430977055, 0.8907385979932962, 0.891888305658653]",9.500000000000064,-4.850000000000687,0.4,14.442935989611065,-4.699999999999704,0.40625,19.299999999999873,False,False,True,10.450000000001847,12.049999999999006,0.6,21.671718898140035,3.5000000000007248,0.53125,26.399999999999757,True,True,True,14.000000000000679,20.700000000000163,0.6,29.160493822978744,1.60000000000049,0.5,26.850000000000485,True,True,True,12.550000000000061,-8.799999999999919,0.4,35.51223169557225,-7.624999999999993,0.46875,23.450000000000415,False,False,True,-0.09999999999843467,-2.5999999999992696,0.4,43.8022191218664,-2.349999999999852,0.46875,28.55000000000052,True,True,False
bls:us_employment_situation:20180706T1230Z,us_employment_situation,2018-07-06 12:30:00+00:00,35,5,"[""bls:us_employment_situation:20180504T1230Z"", ""bls:us_employment_situation:20180406T1230Z"", ""bls:us_employment_situation:20171208T1330Z"", ""bls:us_employment_situation:20170310T1330Z"", ""bls:us_employment_situation:20170901T1230Z""]","[""2018-05-04T12:30:00+00:00"", ""2018-04-06T12:30:00+00:00"", ""2017-12-08T13:30:00+00:00"", ""2017-03-10T13:30:00+00:00"", ""2017-09-01T12:30:00+00:00""]","[0.3420459027237152, 0.41660990413226545, 0.5797512266019442, 0.6279886887074844, 0.6331359865846421]",8.650000000001157,20.999999999999908,1.0,13.570644789396953,12.600000000000389,0.6285714285714286,20.999999999999908,True,True,True,21.15000000000089,16.599999999999948,1.0,18.47532408376042,11.849999999999916,0.5714285714285714,16.80000000000126,True,True,True,32.849999999999824,7.199999999998319,1.0,9.400393608780895,3.5999999999991594,0.5428571428571428,6.749999999999812,True,True,True,42.9999999999997,24.450000000000305,0.6,32.340649344130576,-6.499999999998174,0.42857142857142855,9.699999999999154,True,False,True,18.800000000001038,23.400000000000087,0.6,37.37751998193621,-9.300000000000974,0.45714285714285713,-0.3500000000000725,True,False,False
bls:us_employment_situation:20180803T1230Z,us_employment_situation,2018-08-03 12:30:00+00:00,36,5,"[""bls:us_employment_situation:20180601T1230Z"", ""bls:us_employment_situation:20180706T1230Z"", ""bls:us_employment_situation:20180504T1230Z"", ""bls:us_employment_situation:20180105T1330Z"", ""bls:us_employment_situation:20180406T1230Z""]","[""2018-06-01T12:30:00+00:00"", ""2018-07-06T12:30:00+00:00"", ""2018-05-04T12:30:00+00:00"", ""2018-01-05T13:30:00+00:00"", ""2018-04-06T12:30:00+00:00""]","[0.44927223410261713, 0.5234682165030567, 0.5364961519889722, 0.5490294017166052, 0.6104040727635055]",10.149999999999881,20.999999999999908,0.8,17.884333926652417,12.07500000000028,0.6388888888888888,8.650000000001157,True,True,True,10.250000000000536,21.15000000000089,0.8,10.407372386918313,12.800000000000589,0.5833333333333334,16.80000000000126,True,True,True,19.100000000000783,6.900000000000794,1.0,10.628574692779827,5.174999999999486,0.5555555555555556,6.749999999999812,True,True,True,-17.849999999999255,9.699999999999154,0.6,34.95001287553402,-5.699999999999594,0.4444444444444444,13.350000000000861,False,True,False,6.150000000000322,-0.3500000000000725,0.4,20.58696189339264,-4.825000000000523,0.4722222222222222,18.800000000001038,False,False,True
bls:us_cpi_release:20180810T1230Z,us_cpi_release,2018-08-10 12:30:00+00:00,33,5,"[""bls:us_cpi_release:20180612T1230Z"", ""bls:us_cpi_release:20160816T1230Z"", ""bls:us_cpi_release:20161117T1330Z"", ""bls:us_cpi_release:20170914T1230Z"", ""bls:us_cpi_release:20170118T1330Z""]","[""2018-06-12T12:30:00+00:00"", ""2016-08-16T12:30:00+00:00"", ""2016-11-17T13:30:00+00:00"", ""2017-09-14T12:30:00+00:00"", ""2017-01-18T13:30:00+00:00""]","[1.0995918263544269, 1.2430729855204066, 1.2458877234749937, 1.3164451576220193, 1.521948688014282]",-0.2999999999997449,-1.9499999999994522,0.4,23.172470735767213,-4.599999999999049,0.42424242424242425,9.500000000000064,True,True,False,-4.999999999999449,3.900000000001125,0.6,17.178678645344196,3.900000000001125,0.5454545454545454,12.700000000001044,False,False,False,-2.949999999999342,-18.5499999999994,0.4,15.846469638376673,3.6999999999998145,0.5151515151515151,20.700000000000163,True,False,False,-35.650000000000404,-8.799999999999919,0.4,21.16883086048927,-6.450000000000067,0.48484848484848486,12.550000000000061,True,True,False,-41.949999999999484,-14.700000000000824,0.2,27.84511447274038,-2.100000000000435,0.45454545454545453,-0.09999999999843467,True,True,True
bls:us_employment_situation:20180907T1230Z,us_employment_situation,2018-09-07 12:30:00+00:00,37,5,"[""bls:us_employment_situation:20180601T1230Z"", ""bls:us_employment_situation:20180803T1230Z"", ""bls:us_employment_situation:20180105T1330Z"", ""bls:us_employment_situation:20171103T1230Z"", ""bls:us_employment_situation:20170707T1230Z""]","[""2018-06-01T12:30:00+00:00"", ""2018-08-03T12:30:00+00:00"", ""2018-01-05T13:30:00+00:00"", ""2017-11-03T12:30:00+00:00"", ""2017-07-07T12:30:00+00:00""]","[0.3918680936426301, 0.5538261939884872, 0.5688762824764008, 0.6968237421687108, 0.7746160490375342]",-26.600000000001067,20.899999999999253,0.8,18.22456035135063,11.550000000000171,0.6486486486486487,10.149999999999881,False,False,False,-27.649999999999064,22.54999999999896,0.8,11.677456914927799,11.849999999999916,0.5945945945945946,16.599999999999948,False,False,False,-30.399999999999316,12.150000000001882,1.0,4.139033703656145,6.749999999999812,0.5675675675675675,6.900000000000794,False,False,False,-45.90000000000094,-13.350000000000861,0.2,11.422372783270351,-6.499999999998174,0.43243243243243246,9.699999999999154,True,True,False,-58.89999999999951,-9.300000000000974,0.2,19.64277475307392,-0.3500000000000725,0.4864864864864865,6.150000000000322,True,True,False
bls:us_cpi_release:20180913T1230Z,us_cpi_release,2018-09-13 12:30:00+00:00,34,5,"[""bls:us_cpi_release:20171213T1330Z"", ""bls:us_cpi_release:20180112T1330Z"", ""bls:us_cpi_release:20170614T1230Z"", ""bls:us_cpi_release:20171115T1330Z"", ""bls:us_cpi_release:20180612T1230Z""]","[""2017-12-13T13:30:00+00:00"", ""2018-01-12T13:30:00+00:00"", ""2017-06-14T12:30:00+00:00"", ""2017-11-15T13:30:00+00:00"", ""2018-06-12T12:30:00+00:00""]","[0.6544409192891772, 0.6905568225570933, 0.73623906454574, 0.7434952039405394, 0.7688956251164495]",18.000000000000238,9.500000000000064,0.6,15.940859449853644,-4.250000000000087,0.4117647058823529,9.500000000000064,True,False,True,16.35000000000053,12.700000000001044,1.0,15.122453504639402,3.5000000000007248,0.5294117647058824,10.450000000001847,True,True,True,53.099999999999255,20.700000000000163,0.8,24.369456292662836,1.60000000000049,0.5,14.000000000000679,True,True,True,67.24999999999869,12.550000000000061,0.8,28.893622133612737,-7.624999999999993,0.47058823529411764,12.550000000000061,True,False,True,54.549999999999876,-0.09999999999843467,0.4,39.76579434639717,-2.349999999999852,0.4411764705882353,-0.09999999999843467,False,False,False
bls:us_employment_situation:20181005T1230Z,us_employment_situation,2018-10-05 12:30:00+00:00,38,5,"[""bls:us_employment_situation:20180803T1230Z"", ""bls:us_employment_situation:20180601T1230Z"", ""bls:us_employment_situation:20180907T1230Z"", ""bls:us_employment_situation:20180105T1330Z"", ""bls:us_employment_situation:20180504T1230Z""]","[""2018-08-03T12:30:00+00:00"", ""2018-06-01T12:30:00+00:00"", ""2018-09-07T12:30:00+00:00"", ""2018-01-05T13:30:00+00:00"", ""2018-05-04T12:30:00+00:00""]","[0.36357460159539406, 0.42608351789854926, 0.4327682850490702, 0.5157843673188456, 0.6400850990467887]",6.049999999999667,10.149999999999881,0.6,22.392574662151315,10.850000000000026,0.631578947368421,8.650000000001157,True,True,True,1.2499999999993072,10.250000000000536,0.6,17.92139503498484,11.824999999999752,0.5789473684210527,10.250000000000536,True,True,True,-1.500000000000945,6.900000000000794,0.8,17.00013529357924,5.174999999999486,0.5526315789473685,6.900000000000794,False,False,False,25.849999999998374,-23.400000000000087,0.2,20.138406093829687,-6.999999999999229,0.42105263157894735,-17.849999999999255,False,False,False,3.750000000000142,-10.000000000001119,0.2,22.92342470051083,-4.825000000000523,0.47368421052631576,-0.3500000000000725,False,False,False
bls:us_cpi_release:20181011T1230Z,us_cpi_release,2018-10-11 12:30:00+00:00,35,5,"[""bls:us_cpi_release:20180612T1230Z"", ""bls:us_cpi_release:20180913T1230Z"", ""bls:us_cpi_release:20170315T1230Z"", ""bls:us_cpi_release:20170512T1230Z"", ""bls:us_cpi_release:20171115T1330Z""]","[""2018-06-12T12:30:00+00:00"", ""2018-09-13T12:30:00+00:00"", ""2017-03-15T12:30:00+00:00"", ""2017-05-12T12:30:00+00:00"", ""2017-11-15T13:30:00+00:00""]","[0.5326313973392084, 0.6002869464105532, 0.8360555873137966, 0.8551068280497558, 0.8552729492243218]",21.700000000000053,9.500000000000064,0.6,9.807884583333726,-3.900000000001125,0.42857142857142855,9.500000000000064,True,False,True,26.54999999999852,12.049999999999006,0.8,7.6239097581233,3.900000000001125,0.5428571428571428,10.450000000001847,True,True,True,27.199999999998337,20.700000000000163,0.8,19.547992224266476,3.6999999999998145,0.5142857142857142,14.000000000000679,True,True,True,-5.1000000000001044,12.550000000000061,0.6,34.331932657512326,-6.450000000000067,0.4857142857142857,12.550000000000061,False,True,False,8.799999999999919,-0.09999999999843467,0.4,36.73921066109018,-2.100000000000435,0.45714285714285713,-0.09999999999843467,False,False,False
bls:us_employment_situation:20181102T1230Z,us_employment_situation,2018-11-02 12:30:00+00:00,39,5,"[""bls:us_employment_situation:20181005T1230Z"", ""bls:us_employment_situation:20180601T1230Z"", ""bls:us_employment_situation:20180907T1230Z"", ""bls:us_employment_situation:20180504T1230Z"", ""bls:us_employment_situation:20180803T1230Z""]","[""2018-10-05T12:30:00+00:00"", ""2018-06-01T12:30:00+00:00"", ""2018-09-07T12:30:00+00:00"", ""2018-05-04T12:30:00+00:00"", ""2018-08-03T12:30:00+00:00""]","[0.36999036061151025, 0.5491093940107937, 0.5584025283616305, 0.6015465527098917, 0.6064248263422631]",-10.350000000001192,6.049999999999667,0.6,19.379850360619667,10.149999999999881,0.6410256410256411,6.049999999999667,False,False,False,-15.249999999999986,1.2499999999993072,0.6,15.230627038962984,11.799999999999589,0.5897435897435898,1.2499999999993072,False,False,False,-11.449999999999516,6.749999999999812,0.6,16.63879803351191,3.5999999999991594,0.5384615384615384,6.749999999999812,False,False,False,-30.49999999999997,-17.849999999999255,0.4,28.4361987614374,-6.499999999998174,0.4358974358974359,9.699999999999154,True,True,False,-55.600000000000094,-0.3500000000000725,0.4,24.338516799509215,-0.3500000000000725,0.48717948717948717,3.750000000000142,True,True,False
bls:us_cpi_release:20181114T1330Z,us_cpi_release,2018-11-14 13:30:00+00:00,36,5,"[""bls:us_cpi_release:20180913T1230Z"", ""bls:us_cpi_release:20171213T1330Z"", ""bls:us_cpi_release:20171115T1330Z"", ""bls:us_cpi_release:20181011T1230Z"", ""bls:us_cpi_release:20180112T1330Z""]","[""2018-09-13T12:30:00+00:00"", ""2017-12-13T13:30:00+00:00"", ""2017-11-15T13:30:00+00:00"", ""2018-10-11T12:30:00+00:00"", ""2018-01-12T13:30:00+00:00""]","[0.38567537858535045, 0.5990093181457546, 0.6809865198301874, 0.7160825378403011, 0.7278007752229027]",11.250000000000426,18.000000000000238,0.6,16.087367715073473,-2.9250000000002885,0.4444444444444444,18.000000000000238,True,False,True,8.60000000000083,16.35000000000053,1.0,9.080341403272811,6.000000000000449,0.5555555555555556,16.35000000000053,True,True,True,2.20000000000109,26.850000000000485,0.8,25.766101761810756,3.849999999999687,0.5277777777777778,27.199999999998337,True,True,True,-0.5000000000010552,3.8000000000004697,0.6,30.494514260764184,-5.775000000000086,0.4722222222222222,12.550000000000061,False,True,False,13.700000000000934,8.799999999999919,0.6,34.469369010760595,-1.0999999999994348,0.4722222222222222,8.799999999999919,True,False,True
bls:us_employment_situation:20181207T1330Z,us_employment_situation,2018-12-07 13:30:00+00:00,40,5,"[""bls:us_employment_situation:20181005T1230Z"", ""bls:us_employment_situation:20180803T1230Z"", ""bls:us_employment_situation:20180105T1330Z"", ""bls:us_employment_situation:20180601T1230Z"", ""bls:us_employment_situation:20180907T1230Z""]","[""2018-10-05T12:30:00+00:00"", ""2018-08-03T12:30:00+00:00"", ""2018-01-05T13:30:00+00:00"", ""2018-06-01T12:30:00+00:00"", ""2018-09-07T12:30:00+00:00""]","[0.42041080105523315, 0.4223623377008962, 0.44795538528708806, 0.463834318177615, 0.5163551651788447]",28.900000000000592,6.049999999999667,0.6,20.05849944537285,9.400000000000519,0.625,6.049999999999667,True,True,True,42.200000000001125,1.2499999999993072,0.6,16.697616596388265,11.025000000000063,0.575,1.2499999999993072,True,True,True,11.449999999999516,6.749999999999812,0.6,16.88511178523847,2.574999999999106,0.525,-1.500000000000945,True,True,False,14.750000000001151,-17.849999999999255,0.4,25.309259175250098,-6.999999999999229,0.425,-17.849999999999255,False,False,False,16.599999999999948,-0.3500000000000725,0.4,24.152569221513325,-4.825000000000523,0.475,3.750000000000142,False,False,True
bls:us_cpi_release:20181212T1330Z,us_cpi_release,2018-12-12 13:30:00+00:00,37,5,"[""bls:us_cpi_release:20180612T1230Z"", ""bls:us_cpi_release:20181011T1230Z"", ""bls:us_cpi_release:20161117T1330Z"", ""bls:us_cpi_release:20180810T1230Z"", ""bls:us_cpi_release:20171013T1230Z""]","[""2018-06-12T12:30:00+00:00"", ""2018-10-11T12:30:00+00:00"", ""2016-11-17T13:30:00+00:00"", ""2018-08-10T12:30:00+00:00"", ""2017-10-13T12:30:00+00:00""]","[0.6763969229717889, 0.8540265874360162, 0.9395268310617246, 1.0359471085387255, 1.0996337485562588]",0.0,9.500000000000064,0.6,13.841148796252716,-1.9499999999994522,0.4594594594594595,11.250000000000426,False,False,False,4.699999999999704,10.450000000001847,0.6,22.53025965229827,8.099999999999774,0.5675675675675675,10.450000000001847,True,True,True,10.499999999999954,14.000000000000679,0.6,28.004649613947638,3.6999999999998145,0.5405405405405406,14.000000000000679,True,True,True,4.3999999999999595,-5.1000000000001044,0.4,33.66201717069296,-5.1000000000001044,0.4594594594594595,-0.5000000000010552,False,False,False,24.299999999999322,-0.09999999999843467,0.4,36.213624507911724,-0.09999999999843467,0.4864864864864865,8.799999999999919,False,False,True
bls:us_employment_situation:20190104T1330Z,us_employment_situation,2019-01-04 13:30:00+00:00,41,5,"[""bls:us_employment_situation:20181102T1230Z"", ""bls:us_employment_situation:20180601T1230Z"", ""bls:us_employment_situation:20180907T1230Z"", ""bls:us_employment_situation:20181005T1230Z"", ""bls:us_employment_situation:20180105T1330Z""]","[""2018-11-02T12:30:00+00:00"", ""2018-06-01T12:30:00+00:00"", ""2018-09-07T12:30:00+00:00"", ""2018-10-05T12:30:00+00:00"", ""2018-01-05T13:30:00+00:00""]","[0.40111165245411595, 0.43365808795395255, 0.44124240976669826, 0.4637409555164866, 0.4853840599700517]",-28.500000000000192,-10.350000000001192,0.4,19.359529952972075,10.149999999999881,0.6341463414634146,6.049999999999667,True,False,False,-19.600000000001838,-3.949999999999232,0.4,16.831470523991023,11.799999999999589,0.5853658536585366,1.2499999999993072,True,False,False,-29.55000000000041,-1.500000000000945,0.4,14.477133694208668,3.5999999999991594,0.5365853658536586,-1.500000000000945,True,False,True,-47.85000000000039,-23.400000000000087,0.4,26.537972793715415,-6.499999999998174,0.43902439024390244,-17.849999999999255,True,True,True,-7.750000000001922,-10.000000000001119,0.2,27.355851293644452,-0.3500000000000725,0.4878048780487805,3.750000000000142,True,True,False
bls:us_cpi_release:20190111T1330Z,us_cpi_release,2019-01-11 13:30:00+00:00,38,5,"[""bls:us_cpi_release:20180913T1230Z"", ""bls:us_cpi_release:20181114T1330Z"", ""bls:us_cpi_release:20181011T1230Z"", ""bls:us_cpi_release:20180612T1230Z"", ""bls:us_cpi_release:20171213T1330Z""]","[""2018-09-13T12:30:00+00:00"", ""2018-11-14T13:30:00+00:00"", ""2018-10-11T12:30:00+00:00"", ""2018-06-12T12:30:00+00:00"", ""2017-12-13T13:30:00+00:00""]","[0.5627388781861985, 0.5801407009510335, 0.6367543724046191, 0.6631160076230963, 0.757184014322869]",7.550000000000612,18.000000000000238,1.0,4.736665493783488,-1.1249999999995985,0.4473684210526316,11.250000000000426,True,False,True,-2.900000000001235,16.35000000000053,1.0,7.879314691011261,6.399999999999739,0.5789473684210527,8.60000000000083,False,False,False,-1.900000000001345,26.850000000000485,1.0,16.95976414930283,3.849999999999687,0.5526315789473685,10.499999999999954,False,False,False,-38.599999999999746,12.550000000000061,0.6,25.88096984272392,-2.80000000000058,0.47368421052631576,-0.5000000000010552,False,True,True,-44.34999999999967,13.700000000000934,0.8,19.13057761804343,4.350000000000742,0.5,13.700000000000934,False,False,False
bls:us_employment_situation:20190201T1330Z,us_employment_situation,2019-02-01 13:30:00+00:00,42,5,"[""bls:us_employment_situation:20181207T1330Z"", ""bls:us_employment_situation:20180105T1330Z"", ""bls:us_employment_situation:20180601T1230Z"", ""bls:us_employment_situation:20190104T1330Z"", ""bls:us_employment_situation:20181005T1230Z""]","[""2018-12-07T13:30:00+00:00"", ""2018-01-05T13:30:00+00:00"", ""2018-06-01T12:30:00+00:00"", ""2019-01-04T13:30:00+00:00"", ""2018-10-05T12:30:00+00:00""]","[0.31615446718642387, 0.3975854019036366, 0.429095437053535, 0.46833588265612275, 0.47946240870677675]",-4.899999999998794,6.049999999999667,0.6,23.829926563042996,9.400000000000519,0.6190476190476191,-10.350000000001192,False,False,True,-17.899999999999583,1.2499999999993072,0.6,21.588269963107933,11.025000000000063,0.5714285714285714,-15.249999999999986,False,False,True,0.700000000000145,6.749999999999812,0.6,15.107230057161496,2.574999999999106,0.5238095238095238,-11.449999999999516,True,True,False,-3.1999999999987594,9.699999999999154,0.6,27.310353348135063,-6.999999999999229,0.42857142857142855,-30.49999999999997,False,True,True,-2.649999999999597,-0.3500000000000725,0.4,9.474122650673827,-4.050000000000997,0.47619047619047616,-7.750000000001922,True,True,True
bls:us_cpi_release:20190213T1330Z,us_cpi_release,2019-02-13 13:30:00+00:00,39,5,"[""bls:us_cpi_release:20181114T1330Z"", ""bls:us_cpi_release:20190111T1330Z"", ""bls:us_cpi_release:20180913T1230Z"", ""bls:us_cpi_release:20171213T1330Z"", ""bls:us_cpi_release:20171115T1330Z""]","[""2018-11-14T13:30:00+00:00"", ""2019-01-11T13:30:00+00:00"", ""2018-09-13T12:30:00+00:00"", ""2017-12-13T13:30:00+00:00"", ""2017-11-15T13:30:00+00:00""]","[0.34378370733808594, 0.4328938973896609, 0.4381729892218707, 0.5749087669646986, 0.6579003282364548]",-12.149999999999661,11.250000000000426,0.8,9.543091742197115,-0.2999999999997449,0.46153846153846156,11.250000000000426,False,True,False,-15.100000000001224,12.700000000001044,0.8,9.906735082760974,4.699999999999704,0.5641025641025641,8.60000000000083,False,False,False,-8.449999999999847,20.700000000000163,0.8,19.694120950171797,3.6999999999998145,0.5384615384615384,10.499999999999954,False,False,False,-23.100000000000342,-0.5000000000010552,0.4,36.98911461497763,-5.1000000000001044,0.46153846153846156,-0.5000000000010552,True,True,True,-28.250000000000774,13.700000000000934,0.6,40.13252297077758,-0.09999999999843467,0.48717948717948717,13.700000000000934,False,True,False
bls:us_employment_situation:20190308T1330Z,us_employment_situation,2019-03-08 13:30:00+00:00,43,5,"[""bls:us_employment_situation:20190201T1330Z"", ""bls:us_employment_situation:20181207T1330Z"", ""bls:us_employment_situation:20190104T1330Z"", ""bls:us_employment_situation:20180601T1230Z"", ""bls:us_employment_situation:20180105T1330Z""]","[""2019-02-01T13:30:00+00:00"", ""2018-12-07T13:30:00+00:00"", ""2019-01-04T13:30:00+00:00"", ""2018-06-01T12:30:00+00:00"", ""2018-01-05T13:30:00+00:00""]","[0.36739563606215175, 0.3742968052155381, 0.4993725635015458, 0.5084497356102843, 0.5214313747803034]",18.849999999999145,-4.899999999998794,0.4,23.85656303829243,8.650000000001157,0.6046511627906976,-4.899999999998794,False,True,False,-4.950000000001342,-3.949999999999232,0.4,24.087079524093845,10.250000000000536,0.5581395348837209,-15.249999999999986,True,False,True,8.949999999998681,6.749999999999812,0.8,15.108395017340642,1.5499999999990521,0.5348837209302325,-1.500000000000945,True,True,False,6.5499999999985015,-3.1999999999987594,0.4,23.061114457025152,-6.499999999998174,0.4186046511627907,-3.1999999999987594,False,False,False,19.400000000000528,-2.649999999999597,0.2,9.373611897236238,-2.649999999999597,0.46511627906976744,-2.649999999999597,False,False,False
bls:us_cpi_release:20190312T1230Z,us_cpi_release,2019-03-12 12:30:00+00:00,40,5,"[""bls:us_cpi_release:20190213T1330Z"", ""bls:us_cpi_release:20181114T1330Z"", ""bls:us_cpi_release:20180913T1230Z"", ""bls:us_cpi_release:20180112T1330Z"", ""bls:us_cpi_release:20171213T1330Z""]","[""2019-02-13T13:30:00+00:00"", ""2018-11-14T13:30:00+00:00"", ""2018-09-13T12:30:00+00:00"", ""2018-01-12T13:30:00+00:00"", ""2017-12-13T13:30:00+00:00""]","[0.6277693362268069, 0.6329897768851144, 0.6349527374584666, 0.6690160049934029, 0.6699707590724256]",6.050000000001887,11.250000000000426,0.6,15.540997393989729,-1.1249999999995985,0.45,7.550000000000612,True,False,True,9.600000000000719,8.60000000000083,0.8,14.184308231281934,4.300000000000415,0.55,4.699999999999704,True,True,True,10.100000000001774,2.20000000000109,0.6,27.730247023782283,2.9500000000004523,0.525,2.20000000000109,True,True,True,8.750000000001812,3.8000000000004697,0.6,30.382241523626643,-5.775000000000086,0.45,-5.1000000000001044,True,False,False,22.34999999999987,13.700000000000934,0.6,29.438841689169895,-1.0999999999994348,0.475,8.799999999999919,True,False,True
bls:us_employment_situation:20190405T1230Z,us_employment_situation,2019-04-05 12:30:00+00:00,44,5,"[""bls:us_employment_situation:20180504T1230Z"", ""bls:us_employment_situation:20170707T1230Z"", ""bls:us_employment_situation:20170505T1230Z"", ""bls:us_employment_situation:20170804T1230Z"", ""bls:us_employment_situation:20170602T1230Z""]","[""2018-05-04T12:30:00+00:00"", ""2017-07-07T12:30:00+00:00"", ""2017-05-05T12:30:00+00:00"", ""2017-08-04T12:30:00+00:00"", ""2017-06-02T12:30:00+00:00""]","[0.4608063167733428, 0.5249674698185963, 0.5282198693236422, 0.5475289658150881, 0.5757714217816914]",3.349999999999742,20.899999999999253,0.6,19.771130468437953,9.400000000000519,0.6136363636363636,-4.899999999998794,True,True,False,8.550000000000502,16.599999999999948,0.8,23.69858645573698,5.775000000000086,0.5454545454545454,-15.249999999999986,True,True,False,-10.250000000000536,13.34999999999864,0.8,23.107474981054082,2.574999999999106,0.5454545454545454,0.700000000000145,False,False,False,-5.850000000000577,-13.350000000000861,0.4,32.65944886246638,-5.699999999999594,0.4318181818181818,-3.1999999999987594,True,True,True,-16.599999999999948,-9.300000000000974,0.4,57.1484960432035,-1.4999999999998348,0.4772727272727273,-2.649999999999597,True,True,True
bls:us_cpi_release:20190410T1230Z,us_cpi_release,2019-04-10 12:30:00+00:00,41,5,"[""bls:us_cpi_release:20181114T1330Z"", ""bls:us_cpi_release:20190213T1330Z"", ""bls:us_cpi_release:20170614T1230Z"", ""bls:us_cpi_release:20171213T1330Z"", ""bls:us_cpi_release:20190312T1230Z""]","[""2018-11-14T13:30:00+00:00"", ""2019-02-13T13:30:00+00:00"", ""2017-06-14T12:30:00+00:00"", ""2017-12-13T13:30:00+00:00"", ""2019-03-12T12:30:00+00:00""]","[0.4788437908748695, 0.5187429417579479, 0.5383002445162641, 0.5522812434382774, 0.6037638122416122]",3.2999999999994145,11.250000000000426,0.8,12.741365703879401,-0.2999999999997449,0.4634146341463415,6.050000000001887,True,False,True,-5.599999999998939,9.600000000000719,0.8,20.3483021404736,4.699999999999704,0.5609756097560976,4.699999999999704,False,False,False,-19.899999999999363,10.100000000001774,0.8,19.984478977446305,3.6999999999998145,0.5365853658536586,2.20000000000109,False,False,False,-40.1499999999988,8.750000000001812,0.6,29.882693988327617,-5.1000000000001044,0.4634146341463415,-0.5000000000010552,False,True,True,-10.349999999998971,22.34999999999987,0.8,31.95718072671608,-0.09999999999843467,0.4878048780487805,13.700000000000934,False,True,False
bls:us_employment_situation:20190503T1230Z,us_employment_situation,2019-05-03 12:30:00+00:00,45,5,"[""bls:us_employment_situation:20180601T1230Z"", ""bls:us_employment_situation:20190201T1330Z"", ""bls:us_employment_situation:20180105T1330Z"", ""bls:us_employment_situation:20181207T1330Z"", ""bls:us_employment_situation:20190308T1330Z""]","[""2018-06-01T12:30:00+00:00"", ""2019-02-01T13:30:00+00:00"", ""2018-01-05T13:30:00+00:00"", ""2018-12-07T13:30:00+00:00"", ""2019-03-08T13:30:00+00:00""]","[0.30631273009967624, 0.3525514516654077, 0.38829016960006096, 0.39328958155437843, 0.4209253374832589]",-15.050000000000896,18.849999999999145,0.6,19.809729932535912,8.650000000001157,0.6222222222222222,3.349999999999742,False,False,False,-8.900000000000574,-3.949999999999232,0.4,21.73392279364239,8.550000000000502,0.5555555555555556,-4.950000000001342,True,False,True,5.899999999998684,8.949999999998681,1.0,3.7069664147383965,1.5499999999990521,0.5333333333333333,0.700000000000145,True,True,True,4.349999999999632,6.5499999999985015,0.6,13.4794881208449,-5.850000000000577,0.4222222222222222,-3.1999999999987594,True,False,False,39.54999999999931,-0.3500000000000725,0.4,11.430354325217062,-2.649999999999597,0.4666666666666667,-2.649999999999597,False,False,False
bls:us_cpi_release:20190510T1230Z,us_cpi_release,2019-05-10 12:30:00+00:00,42,5,"[""bls:us_cpi_release:20170512T1230Z"", ""bls:us_cpi_release:20171115T1330Z"", ""bls:us_cpi_release:20190410T1230Z"", ""bls:us_cpi_release:20170315T1230Z"", ""bls:us_cpi_release:20170215T1330Z""]","[""2017-05-12T12:30:00+00:00"", ""2017-11-15T13:30:00+00:00"", ""2019-04-10T12:30:00+00:00"", ""2017-03-15T12:30:00+00:00"", ""2017-02-15T13:30:00+00:00""]","[0.47574500098050526, 0.4912751216771904, 0.5141998719908126, 0.5880883014352831, 0.6321250558280074]",6.599999999998829,-4.850000000000687,0.4,12.069606455887111,-0.14999999999987246,0.47619047619047616,3.2999999999994145,False,False,True,3.8999999999989043,-5.550000000000832,0.4,15.759333742262077,4.300000000000415,0.5476190476190477,-2.900000000001235,False,True,False,15.14999999999933,-4.3999999999999595,0.4,23.61152261079294,2.9500000000004523,0.5238095238095238,-1.900000000001345,False,True,False,10.599999999998388,-15.050000000000896,0.2,29.006213127534977,-5.775000000000086,0.4523809523809524,-23.100000000000342,False,False,False,9.799999999999809,-2.5999999999992696,0.4,35.16961756971414,-1.0999999999994348,0.47619047619047616,-10.349999999998971,False,False,False
bls:us_employment_situation:20190607T1230Z,us_employment_situation,2019-06-07 12:30:00+00:00,46,5,"[""bls:us_employment_situation:20180706T1230Z"", ""bls:us_employment_situation:20180406T1230Z"", ""bls:us_employment_situation:20170707T1230Z"", ""bls:us_employment_situation:20180504T1230Z"", ""bls:us_employment_situation:20171208T1330Z""]","[""2018-07-06T12:30:00+00:00"", ""2018-04-06T12:30:00+00:00"", ""2017-07-07T12:30:00+00:00"", ""2018-05-04T12:30:00+00:00"", ""2017-12-08T13:30:00+00:00""]","[0.44999358157951835, 0.49367019581074806, 0.5153867294099008, 0.5297551597099786, 0.5310308801306042]",30.69999999999906,20.899999999999253,1.0,5.378252504298592,7.350000000000412,0.6086956521739131,-4.899999999998794,True,True,False,34.09999999999913,21.15000000000089,1.0,8.998799919989349,4.925000000000068,0.5434782608695652,-8.900000000000574,True,True,False,49.34999999999911,13.34999999999864,1.0,10.168628226068702,2.574999999999106,0.5434782608695652,0.700000000000145,True,True,True,44.599999999999085,24.450000000000305,0.6,34.12992821557062,-5.375000000000796,0.43478260869565216,-3.1999999999987594,True,False,False,63.69999999999987,18.800000000001038,0.6,21.373310459542726,-1.4999999999998348,0.4782608695652174,-2.649999999999597,True,False,False
bls:us_cpi_release:20190612T1230Z,us_cpi_release,2019-06-12 12:30:00+00:00,43,5,"[""bls:us_cpi_release:20190312T1230Z"", ""bls:us_cpi_release:20190410T1230Z"", ""bls:us_cpi_release:20180112T1330Z"", ""bls:us_cpi_release:20170614T1230Z"", ""bls:us_cpi_release:20171213T1330Z""]","[""2019-03-12T12:30:00+00:00"", ""2019-04-10T12:30:00+00:00"", ""2018-01-12T13:30:00+00:00"", ""2017-06-14T12:30:00+00:00"", ""2017-12-13T13:30:00+00:00""]","[0.5476853537805301, 0.5571241248678851, 0.5633935308754234, 0.581754642099467, 0.6610405606417404]",13.500000000001844,6.050000000001887,0.8,14.720754056772872,0.0,0.4883720930232558,6.050000000001887,True,False,True,8.950000000000902,9.600000000000719,0.8,18.35291257539192,3.900000000001125,0.5581395348837209,-2.900000000001235,True,True,False,6.40000000000196,10.100000000001774,0.6,28.075405607043358,3.6999999999998145,0.5348837209302325,-1.900000000001345,True,True,False,-12.599999999998168,8.750000000001812,0.8,34.37582580826235,-5.1000000000001044,0.46511627906976744,-23.100000000000342,False,True,True,-14.799999999999258,22.34999999999987,0.6,30.880748047933647,-0.09999999999843467,0.4883720930232558,-10.349999999998971,False,True,True
bls:us_employment_situation:20190705T1230Z,us_employment_situation,2019-07-05 12:30:00+00:00,47,5,"[""bls:us_employment_situation:20180601T1230Z"", ""bls:us_employment_situation:20190503T1230Z"", ""bls:us_employment_situation:20171103T1230Z"", ""bls:us_employment_situation:20190104T1330Z"", ""bls:us_employment_situation:20180105T1330Z""]","[""2018-06-01T12:30:00+00:00"", ""2019-05-03T12:30:00+00:00"", ""2017-11-03T12:30:00+00:00"", ""2019-01-04T13:30:00+00:00"", ""2018-01-05T13:30:00+00:00""]","[0.41794060297956326, 0.4192400048865574, 0.43763249660217346, 0.4783617024645815, 0.5385461251620491]",-19.399999999998307,-15.050000000000896,0.4,23.870052366931205,8.650000000001157,0.6170212765957447,3.349999999999742,True,False,False,-14.54999999999984,-3.949999999999232,0.4,17.95345649171835,8.550000000000502,0.5531914893617021,-4.950000000001342,True,False,True,-30.74999999999939,6.749999999999812,0.8,15.412929637158918,3.5999999999991594,0.5531914893617021,5.899999999998684,False,False,False,-38.04999999999836,-6.499999999998174,0.4,20.884956308309583,-4.900000000001015,0.44680851063829785,4.349999999999632,True,True,False,-45.84999999999839,-7.750000000001922,0.2,28.547055890231295,-0.3500000000000725,0.48936170212765956,19.400000000000528,True,True,False
bls:us_cpi_release:20190711T1230Z,us_cpi_release,2019-07-11 12:30:00+00:00,44,5,"[""bls:us_cpi_release:20190410T1230Z"", ""bls:us_cpi_release:20171213T1330Z"", ""bls:us_cpi_release:20190612T1230Z"", ""bls:us_cpi_release:20170614T1230Z"", ""bls:us_cpi_release:20190510T1230Z""]","[""2019-04-10T12:30:00+00:00"", ""2017-12-13T13:30:00+00:00"", ""2019-06-12T12:30:00+00:00"", ""2017-06-14T12:30:00+00:00"", ""2019-05-10T12:30:00+00:00""]","[0.35918864865043976, 0.45175746032257935, 0.4540345677647706, 0.4686504729054711, 0.5374044710537362]",-11.550000000000171,13.500000000001844,1.0,7.897493273185204,0.1999999999990898,0.5,6.050000000001887,False,False,False,-13.649999999998386,8.950000000000902,0.8,18.291380483713777,4.300000000000415,0.5681818181818182,3.8999999999989043,False,False,False,-6.099999999999994,15.14999999999933,0.8,22.60028760878916,3.849999999999687,0.5454545454545454,6.40000000000196,False,False,False,-28.649999999998954,10.599999999998388,0.6,35.804253937206774,-5.775000000000086,0.45454545454545453,-12.599999999998168,False,True,True,-29.55000000000041,9.799999999999809,0.6,31.42162631055178,-1.0999999999994348,0.4772727272727273,-10.349999999998971,False,True,True
bls:us_employment_situation:20190802T1230Z,us_employment_situation,2019-08-02 12:30:00+00:00,48,5,"[""bls:us_employment_situation:20170804T1230Z"", ""bls:us_employment_situation:20170707T1230Z"", ""bls:us_employment_situation:20190705T1230Z"", ""bls:us_employment_situation:20190607T1230Z"", ""bls:us_employment_situation:20190503T1230Z""]","[""2017-08-04T12:30:00+00:00"", ""2017-07-07T12:30:00+00:00"", ""2019-07-05T12:30:00+00:00"", ""2019-06-07T12:30:00+00:00"", ""2019-05-03T12:30:00+00:00""]","[0.41463233014763634, 0.4319593587679091, 0.4476676964504257, 0.45647055049862234, 0.4615380767583806]",-1.749999999998142,-15.050000000000896,0.4,23.095142346389164,7.350000000000412,0.6041666666666666,3.349999999999742,True,False,False,1.900000000001345,-8.900000000000574,0.4,23.829699956147245,4.925000000000068,0.5416666666666666,-4.950000000001342,False,True,False,-8.500000000000174,5.899999999998684,0.6,26.55772957163273,2.574999999999106,0.5416666666666666,5.899999999998684,False,False,False,-10.799999999999699,-13.350000000000861,0.4,29.133046527954612,-5.375000000000796,0.4375,4.349999999999632,True,True,False,8.900000000000574,-9.300000000000974,0.4,63.323276920891864,-1.4999999999998348,0.4791666666666667,19.400000000000528,False,False,True
bls:us_cpi_release:20190813T1230Z,us_cpi_release,2019-08-13 12:30:00+00:00,45,5,"[""bls:us_cpi_release:20181212T1330Z"", ""bls:us_cpi_release:20161117T1330Z"", ""bls:us_cpi_release:20170914T1230Z"", ""bls:us_cpi_release:20180612T1230Z"", ""bls:us_cpi_release:20180810T1230Z""]","[""2018-12-12T13:30:00+00:00"", ""2016-11-17T13:30:00+00:00"", ""2017-09-14T12:30:00+00:00"", ""2018-06-12T12:30:00+00:00"", ""2018-08-10T12:30:00+00:00""]","[0.7873183690914445, 0.8210400475963626, 0.9857044104588584, 0.997772906619082, 0.9985693404218456]",-6.999999999999229,-0.2999999999997449,0.2,19.06131160230036,0.0,0.4888888888888889,6.050000000001887,True,False,False,-10.499999999999954,-4.999999999999449,0.4,16.00729208829538,3.900000000001125,0.5555555555555556,3.8999999999989043,True,False,False,-1.40000000000029,-2.949999999999342,0.4,16.48626701227397,3.6999999999998145,0.5333333333333333,6.40000000000196,True,False,False,-3.20000000000098,-8.799999999999919,0.4,17.091886964288214,-6.450000000000067,0.4444444444444444,-12.599999999998168,True,True,True,-46.25000000000101,-14.700000000000824,0.2,30.731228416709943,-2.100000000000435,0.4666666666666667,-10.349999999998971,True,True,True
bls:us_employment_situation:20190906T1230Z,us_employment_situation,2019-09-06 12:30:00+00:00,49,5,"[""bls:us_employment_situation:20190503T1230Z"", ""bls:us_employment_situation:20160603T1230Z"", ""bls:us_employment_situation:20170804T1230Z"", ""bls:us_employment_situation:20190802T1230Z"", ""bls:us_employment_situation:20161007T1230Z""]","[""2019-05-03T12:30:00+00:00"", ""2016-06-03T12:30:00+00:00"", ""2017-08-04T12:30:00+00:00"", ""2019-08-02T12:30:00+00:00"", ""2016-10-07T12:30:00+00:00""]","[0.4282145475993939, 0.4653200786605087, 0.47534047572040966, 0.4853067707110775, 0.4871089066241797]",5.299999999999194,-1.749999999998142,0.4,33.21574927651035,6.049999999999667,0.5918367346938775,-1.749999999998142,False,True,False,-4.550000000000942,-7.299999999998974,0.4,45.11192081922528,1.900000000001345,0.5510204081632653,1.900000000001345,True,False,False,12.34999999999875,5.899999999998684,0.6,40.7028058000927,1.5499999999990521,0.5306122448979592,-8.500000000000174,True,True,False,17.000000000000348,4.349999999999632,0.6,63.42954043661397,-5.850000000000577,0.42857142857142855,-5.850000000000577,True,False,False,13.900000000000023,14.74999999999893,0.8,93.27856345377577,-0.3500000000000725,0.4897959183673469,8.900000000000574,True,False,True
bls:us_cpi_release:20190912T1230Z,us_cpi_release,2019-09-12 12:30:00+00:00,46,5,"[""bls:us_cpi_release:20190612T1230Z"", ""bls:us_cpi_release:20170118T1330Z"", ""bls:us_cpi_release:20160916T1230Z"", ""bls:us_cpi_release:20180112T1330Z"", ""bls:us_cpi_release:20170512T1230Z""]","[""2019-06-12T12:30:00+00:00"", ""2017-01-18T13:30:00+00:00"", ""2016-09-16T12:30:00+00:00"", ""2018-01-12T13:30:00+00:00"", ""2017-05-12T12:30:00+00:00""]","[0.6774817738517421, 0.706005614613027, 0.8097356326472256, 0.8113553406948291, 0.8271770188516077]",-1.9500000000016726,-1.9499999999994522,0.4,13.783178153096443,-0.14999999999987246,0.4782608695652174,3.2999999999994145,True,True,False,-19.100000000000783,3.900000000001125,0.8,10.091412190570482,3.9000000000000146,0.5434782608695652,-5.599999999998939,False,False,True,-32.85000000000204,3.6999999999998145,0.6,22.508700540013017,2.9500000000004523,0.5217391304347826,-1.40000000000029,False,False,True,17.94999999999991,3.8000000000004697,0.6,32.435758045712,-5.775000000000086,0.43478260869565216,-12.599999999998168,True,False,False,101.79999999999855,-13.099999999999223,0.4,39.808762854426384,-2.349999999999852,0.45652173913043476,-14.799999999999258,False,False,False
bls:us_employment_situation:20191004T1230Z,us_employment_situation,2019-10-04 12:30:00+00:00,50,5,"[""bls:us_employment_situation:20190705T1230Z"", ""bls:us_employment_situation:20190802T1230Z"", ""bls:us_employment_situation:20190906T1230Z"", ""bls:us_employment_situation:20190104T1330Z"", ""bls:us_employment_situation:20180601T1230Z""]","[""2019-07-05T12:30:00+00:00"", ""2019-08-02T12:30:00+00:00"", ""2019-09-06T12:30:00+00:00"", ""2019-01-04T13:30:00+00:00"", ""2018-06-01T12:30:00+00:00""]","[0.3212117665497161, 0.40569743255603813, 0.4057691845118705, 0.42632520491577613, 0.44943842754807656]",-3.5000000000007248,-19.399999999998307,0.2,12.901379771171873,5.6749999999994305,0.6,-1.749999999998142,True,False,True,-17.650000000000166,-4.550000000000942,0.2,7.793138007248001,1.60000000000049,0.54,-4.550000000000942,True,False,True,-14.150000000001661,-8.500000000000174,0.4,17.861030205449676,2.574999999999106,0.54,5.899999999998684,True,False,False,-7.4000000000018495,-10.799999999999699,0.4,25.52314635776683,-5.375000000000796,0.44,4.349999999999632,True,True,False,-1.3499999999999623,-0.3500000000000725,0.4,21.1696150177555,1.7000000000000348,0.5,13.900000000000023,True,False,False
bls:us_cpi_release:20191010T1230Z,us_cpi_release,2019-10-10 12:30:00+00:00,47,5,"[""bls:us_cpi_release:20160916T1230Z"", ""bls:us_cpi_release:20190711T1230Z"", ""bls:us_cpi_release:20160517T1230Z"", ""bls:us_cpi_release:20170512T1230Z"", ""bls:us_cpi_release:20190612T1230Z""]","[""2016-09-16T12:30:00+00:00"", ""2019-07-11T12:30:00+00:00"", ""2016-05-17T12:30:00+00:00"", ""2017-05-12T12:30:00+00:00"", ""2019-06-12T12:30:00+00:00""]","[0.443957743904923, 0.516536860546665, 0.5376770566677307, 0.5624578666805744, 0.5732511377711637]",2.4999999999986144,-9.950000000000792,0.4,13.10938595053182,-0.2999999999997449,0.46808510638297873,-1.9500000000016726,False,False,False,-0.40000000000040004,-9.200000000000319,0.4,11.918489837223056,3.8999999999989043,0.5319148936170213,-10.499999999999954,True,False,True,-3.3500000000019625,-2.60000000000149,0.4,19.269260494372475,2.20000000000109,0.5106382978723404,-1.40000000000029,True,False,True,-4.350000000001852,-12.599999999998168,0.4,33.42261809014909,-5.1000000000001044,0.44680851063829785,-3.20000000000098,True,True,True,-5.800000000000249,-14.799999999999258,0.4,40.94921244663889,-2.100000000000435,0.46808510638297873,-14.799999999999258,True,True,True
bls:us_employment_situation:20191101T1230Z,us_employment_situation,2019-11-01 12:30:00+00:00,51,5,"[""bls:us_employment_situation:20190802T1230Z"", ""bls:us_employment_situation:20170707T1230Z"", ""bls:us_employment_situation:20191004T1230Z"", ""bls:us_employment_situation:20190906T1230Z"", ""bls:us_employment_situation:20170804T1230Z""]","[""2019-08-02T12:30:00+00:00"", ""2017-07-07T12:30:00+00:00"", ""2019-10-04T12:30:00+00:00"", ""2019-09-06T12:30:00+00:00"", ""2017-08-04T12:30:00+00:00""]","[0.34711858208174756, 0.42246766735892655, 0.44809145270768364, 0.48927733941606716, 0.49887426500137977]",-16.899999999999693,-1.749999999998142,0.4,15.338200676741575,5.299999999999194,0.5882352941176471,-1.749999999998142,True,False,True,-18.249999999999655,-4.550000000000942,0.4,18.21294594512414,1.2999999999996348,0.5294117647058824,-4.550000000000942,True,False,True,-14.100000000001334,-8.500000000000174,0.4,11.72004266203825,1.5499999999990521,0.5294117647058824,-8.500000000000174,True,False,True,-0.24999999999941735,-10.799999999999699,0.2,14.630905645243228,-5.850000000000577,0.43137254901960786,-7.4000000000018495,True,True,True,13.049999999998896,-1.3499999999999623,0.4,47.7185142266605,-0.3500000000000725,0.49019607843137253,8.900000000000574,False,False,True
bls:us_cpi_release:20191113T1330Z,us_cpi_release,2019-11-13 13:30:00+00:00,48,5,"[""bls:us_cpi_release:20191010T1230Z"", ""bls:us_cpi_release:20190410T1230Z"", ""bls:us_cpi_release:20190612T1230Z"", ""bls:us_cpi_release:20170614T1230Z"", ""bls:us_cpi_release:20160517T1230Z""]","[""2019-10-10T12:30:00+00:00"", ""2019-04-10T12:30:00+00:00"", ""2019-06-12T12:30:00+00:00"", ""2017-06-14T12:30:00+00:00"", ""2016-05-17T12:30:00+00:00""]","[0.3692727397492487, 0.45453622517463466, 0.4560357689343916, 0.4606372425887075, 0.4688170957049708]",-1.1500000000008725,3.2999999999994145,0.8,11.648115727447673,-0.14999999999987246,0.4791666666666667,-1.9500000000016726,False,True,True,-0.15000000000098268,-0.40000000000040004,0.4,19.847987303502276,3.4999999999996145,0.5208333333333334,-10.499999999999954,True,False,True,0.44999999999850715,-2.60000000000149,0.4,22.971382196115446,0.8500000000011276,0.5,-3.3500000000019625,False,True,False,-1.7000000000000348,-4.350000000001852,0.4,35.264755776837596,-4.725000000000978,0.4375,-4.350000000001852,True,True,True,-7.7000000000015945,-5.800000000000249,0.4,32.18409545101368,-2.349999999999852,0.4583333333333333,-14.799999999999258,True,True,True
bls:us_employment_situation:20191206T1330Z,us_employment_situation,2019-12-06 13:30:00+00:00,52,5,"[""bls:us_employment_situation:20190906T1230Z"", ""bls:us_employment_situation:20191004T1230Z"", ""bls:us_employment_situation:20191101T1230Z"", ""bls:us_employment_situation:20190503T1230Z"", ""bls:us_employment_situation:20161007T1230Z""]","[""2019-09-06T12:30:00+00:00"", ""2019-10-04T12:30:00+00:00"", ""2019-11-01T12:30:00+00:00"", ""2019-05-03T12:30:00+00:00"", ""2016-10-07T12:30:00+00:00""]","[0.28409345805879893, 0.3483095620522167, 0.4120482198633689, 0.4318511141241469, 0.4718392681223852]",-16.499999999999293,-3.5000000000007248,0.4,12.936483293384148,4.799999999999249,0.5769230769230769,-3.5000000000007248,True,False,True,-23.94999999999925,-8.900000000000574,0.0,5.584675460579424,1.274999999999471,0.5192307692307693,-14.54999999999984,True,False,True,-13.549999999999951,5.899999999998684,0.6,12.765868556428574,1.1249999999995985,0.5192307692307693,-14.100000000001334,False,False,True,-21.649999999999725,4.349999999999632,0.6,22.294694436121006,-5.375000000000796,0.4230769230769231,-7.4000000000018495,False,True,True,-44.39999999999999,13.900000000000023,0.8,13.193164897021298,1.7000000000000348,0.5,8.900000000000574,False,False,False
bls:us_cpi_release:20191211T1330Z,us_cpi_release,2019-12-11 13:30:00+00:00,49,5,"[""bls:us_cpi_release:20170215T1330Z"", ""bls:us_cpi_release:20171213T1330Z"", ""bls:us_cpi_release:20161018T1230Z"", ""bls:us_cpi_release:20190213T1330Z"", ""bls:us_cpi_release:20190711T1230Z""]","[""2017-02-15T13:30:00+00:00"", ""2017-12-13T13:30:00+00:00"", ""2016-10-18T12:30:00+00:00"", ""2019-02-13T13:30:00+00:00"", ""2019-07-11T12:30:00+00:00""]","[0.44909974986350626, 0.4761479815007669, 0.4898294833399019, 0.5397114582481428, 0.5833359396474557]",1.2999999999996348,-11.550000000000171,0.4,15.327380728617541,-0.2999999999997449,0.46938775510204084,-1.9500000000016726,False,False,False,4.8000000000003595,-13.649999999998386,0.4,20.72639380114152,3.1000000000003247,0.5102040816326531,-10.499999999999954,False,True,False,5.450000000000177,-6.099999999999994,0.4,17.5355353496839,0.44999999999850715,0.5102040816326531,-3.3500000000019625,False,True,False,14.899999999999913,-12.150000000001882,0.2,18.185917628758833,-4.350000000001852,0.42857142857142855,-3.20000000000098,False,False,False,15.000000000000568,-2.100000000000435,0.4,29.70317491447672,-2.5999999999992696,0.4489795918367347,-7.7000000000015945,False,False,False
bls:us_employment_situation:20200110T1330Z,us_employment_situation,2020-01-10 13:30:00+00:00,53,5,"[""bls:us_employment_situation:20191206T1330Z"", ""bls:us_employment_situation:20190906T1230Z"", ""bls:us_employment_situation:20190201T1330Z"", ""bls:us_employment_situation:20190503T1230Z"", ""bls:us_employment_situation:20181207T1330Z""]","[""2019-12-06T13:30:00+00:00"", ""2019-09-06T12:30:00+00:00"", ""2019-02-01T13:30:00+00:00"", ""2019-05-03T12:30:00+00:00"", ""2018-12-07T13:30:00+00:00""]","[0.28605634750848313, 0.32700544622673733, 0.4146957536257919, 0.42797999109229334, 0.4376164712955051]",15.299999999998093,-4.899999999998794,0.4,16.64361739526608,4.299999999999304,0.5660377358490566,-3.5000000000007248,False,True,False,19.000000000000128,-8.900000000000574,0.2,23.411292147167217,1.2499999999993072,0.5094339622641509,-17.650000000000166,False,True,False,13.900000000000023,5.899999999998684,0.8,9.441853631570028,0.700000000000145,0.5094339622641509,-13.549999999999951,True,True,False,3.2999999999994145,4.349999999999632,0.6,13.99382006458573,-5.850000000000577,0.41509433962264153,-7.4000000000018495,True,False,False,32.74999999999917,13.900000000000023,0.6,27.948363100546494,-0.3500000000000725,0.49056603773584906,8.900000000000574,True,False,True
bls:us_cpi_release:20200114T1330Z,us_cpi_release,2020-01-14 13:30:00+00:00,50,5,"[""bls:us_cpi_release:20170118T1330Z"", ""bls:us_cpi_release:20190912T1230Z"", ""bls:us_cpi_release:20191113T1330Z"", ""bls:us_cpi_release:20190213T1330Z"", ""bls:us_cpi_release:20190312T1230Z""]","[""2017-01-18T13:30:00+00:00"", ""2019-09-12T12:30:00+00:00"", ""2019-11-13T13:30:00+00:00"", ""2019-02-13T13:30:00+00:00"", ""2019-03-12T12:30:00+00:00""]","[0.4407007824056678, 0.5613851000268927, 0.5994108311912103, 0.6259744869649805, 0.6659229000937299]",0.2999999999997449,-1.9499999999994522,0.2,5.801517042981465,-0.14999999999987246,0.48,-1.1500000000008725,False,False,False,-1.7999999999984695,-0.15000000000098268,0.4,11.074908577501489,3.4999999999996145,0.52,-0.40000000000040004,True,False,True,0.3500000000000725,0.44999999999850715,0.6,14.967210829009826,1.3249999999997986,0.52,-1.40000000000029,True,True,False,2.6999999999999247,8.750000000001812,0.6,14.672470821235734,-3.775000000001416,0.44,-1.7000000000000348,True,False,False,21.700000000000053,20.649999999999835,0.6,44.21961781833927,-2.349999999999852,0.46,-5.800000000000249,True,False,False
bls:us_employment_situation:20200207T1330Z,us_employment_situation,2020-02-07 13:30:00+00:00,54,5,"[""bls:us_employment_situation:20191101T1230Z"", ""bls:us_employment_situation:20161202T1330Z"", ""bls:us_employment_situation:20170310T1330Z"", ""bls:us_employment_situation:20190607T1230Z"", ""bls:us_employment_situation:20170407T1230Z""]","[""2019-11-01T12:30:00+00:00"", ""2016-12-02T13:30:00+00:00"", ""2017-03-10T13:30:00+00:00"", ""2019-06-07T12:30:00+00:00"", ""2017-04-07T12:30:00+00:00""]","[0.4604342565066528, 0.4648266571990592, 0.46564890528209046, 0.5265758509794181, 0.5472864248940843]",-9.500000000000064,12.600000000000389,0.8,16.301545938958903,4.799999999999249,0.5740740740740741,-3.5000000000007248,False,False,True,1.1999999999989797,14.200000000001989,0.8,16.975287920974594,1.274999999999471,0.5185185185185185,-17.650000000000166,True,True,False,-4.850000000000687,1.5499999999990521,0.6,23.08777598643937,1.1249999999995985,0.5185185185185185,-13.549999999999951,False,False,True,-9.449999999999736,7.749999999999702,0.6,21.45289257885751,-5.375000000000796,0.42592592592592593,-0.24999999999941735,False,True,True,-18.5499999999994,33.60000000000029,0.8,33.744184684180034,1.7000000000000348,0.5,13.049999999998896,False,False,False
bls:us_employment_situation:20200306T1330Z,us_employment_situation,2020-03-06 13:30:00+00:00,55,5,"[""bls:us_employment_situation:20200207T1330Z"", ""bls:us_employment_situation:20170407T1230Z"", ""bls:us_employment_situation:20170602T1230Z"", ""bls:us_employment_situation:20171208T1330Z"", ""bls:us_employment_situation:20170310T1330Z""]","[""2020-02-07T13:30:00+00:00"", ""2017-04-07T12:30:00+00:00"", ""2017-06-02T12:30:00+00:00"", ""2017-12-08T13:30:00+00:00"", ""2017-03-10T13:30:00+00:00""]","[0.46629158500579404, 0.4930293449918657, 0.5000102572368977, 0.5242112121674588, 0.5566268594117926]",-12.250000000000316,14.499999999999513,0.8,12.444420436484677,4.299999999999304,0.5636363636363636,-9.500000000000064,False,False,True,-17.650000000000166,14.200000000001989,1.0,16.250427686680236,1.2499999999993072,0.5272727272727272,-17.650000000000166,False,False,True,-7.500000000000284,16.050000000000786,0.8,23.06391120343739,0.700000000000145,0.509090909090909,-13.549999999999951,False,False,True,14.799999999999258,24.450000000000305,0.6,24.413569997033118,-5.850000000000577,0.41818181818181815,-7.4000000000018495,True,False,False,-19.200000000001438,23.400000000000087,0.6,36.45458818859512,-0.3500000000000725,0.4909090909090909,-1.3499999999999623,False,True,True
bls:us_cpi_release:20200311T1230Z,us_cpi_release,2020-03-11 12:30:00+00:00,51,5,"[""bls:us_cpi_release:20170811T1230Z"", ""bls:us_cpi_release:20170914T1230Z"", ""bls:us_cpi_release:20190912T1230Z"", ""bls:us_cpi_release:20160616T1230Z"", ""bls:us_cpi_release:20150324T1230Z""]","[""2017-08-11T12:30:00+00:00"", ""2017-09-14T12:30:00+00:00"", ""2019-09-12T12:30:00+00:00"", ""2016-06-16T12:30:00+00:00"", ""2015-03-24T12:30:00+00:00""]","[0.970178915974879, 1.1845177977820807, 1.2564426450578285, 1.2663272900020204, 1.2755574926361342]",-1.6499999999997073,-4.599999999999049,0.2,25.84682959281454,0.0,0.49019607843137253,0.2999999999997449,True,False,False,-4.900000000001015,-19.100000000000783,0.4,28.42155168177826,3.1000000000003247,0.5098039215686274,-0.40000000000040004,True,False,True,1.1999999999989797,-0.4999999999988347,0.4,31.429533881367533,0.44999999999850715,0.5294117647058824,0.3500000000000725,False,True,True,-12.700000000001044,-18.599999999999728,0.4,32.311134303827146,-3.20000000000098,0.45098039215686275,2.6999999999999247,True,True,False,-72.95000000000051,16.35000000000053,0.6,60.20267934236762,-2.100000000000435,0.47058823529411764,15.000000000000568,False,True,False
bls:us_employment_situation:20200403T1230Z,us_employment_situation,2020-04-03 12:30:00+00:00,56,5,"[""bls:us_employment_situation:20191004T1230Z"", ""bls:us_employment_situation:20160506T1230Z"", ""bls:us_employment_situation:20190104T1330Z"", ""bls:us_employment_situation:20190705T1230Z"", ""bls:us_employment_situation:20171103T1230Z""]","[""2019-10-04T12:30:00+00:00"", ""2016-05-06T12:30:00+00:00"", ""2019-01-04T13:30:00+00:00"", ""2019-07-05T12:30:00+00:00"", ""2017-11-03T12:30:00+00:00""]","[0.7438910490545265, 0.8092525134581963, 0.8115155029886837, 0.8356850298067975, 0.8815641372894473]",-2.1999999999988695,-3.5000000000007248,0.4,22.016448396596754,3.8249999999995232,0.5535714285714286,-12.250000000000316,True,False,True,-18.5499999999994,-14.54999999999984,0.4,18.35694419014315,1.2249999999991434,0.5178571428571429,-17.650000000000166,True,False,True,-16.599999999999948,-22.34999999999987,0.2,15.703553737928827,-0.2999999999997449,0.5,-7.500000000000284,True,True,True,-2.9999999999996696,-8.349999999999191,0.0,17.69108815194809,-5.375000000000796,0.42857142857142855,-0.24999999999941735,True,True,True,-10.549999999998061,-11.950000000000571,0.0,20.404862165669492,-0.8500000000000174,0.48214285714285715,-18.5499999999994,True,True,True
bls:us_employment_situation:20200508T1230Z,us_employment_situation,2020-05-08 12:30:00+00:00,57,5,"[""bls:us_employment_situation:20171103T1230Z"", ""bls:us_employment_situation:20160603T1230Z"", ""bls:us_employment_situation:20161007T1230Z"", ""bls:us_employment_situation:20190705T1230Z"", ""bls:us_employment_situation:20191206T1330Z""]","[""2017-11-03T12:30:00+00:00"", ""2016-06-03T12:30:00+00:00"", ""2016-10-07T12:30:00+00:00"", ""2019-07-05T12:30:00+00:00"", ""2019-12-06T13:30:00+00:00""]","[1.734635565881846, 1.769455581487895, 1.7771052860571053, 1.8038320265709027, 1.8077844568874335]",-6.699999999999484,17.75000000000082,0.6,31.994727690667485,3.349999999999742,0.543859649122807,-9.500000000000064,False,False,True,-18.849999999999145,-7.299999999998974,0.4,45.28441895398481,1.1999999999989797,0.5087719298245614,-17.650000000000166,True,False,True,-16.700000000000603,12.150000000001882,0.6,44.95130698878541,-1.2999999999996348,0.49122807017543857,-7.500000000000284,False,True,True,-23.200000000000998,-6.499999999998174,0.4,67.91824938851087,-4.900000000001015,0.42105263157894735,-2.9999999999996696,True,True,True,-5.949999999999012,-44.39999999999999,0.4,87.16919180536235,-1.3499999999999623,0.47368421052631576,-18.5499999999994,True,True,True
bls:us_cpi_release:20200512T1230Z,us_cpi_release,2020-05-12 12:30:00+00:00,52,5,"[""bls:us_cpi_release:20171013T1230Z"", ""bls:us_cpi_release:20190312T1230Z"", ""bls:us_cpi_release:20160616T1230Z"", ""bls:us_cpi_release:20190612T1230Z"", ""bls:us_cpi_release:20170414T1230Z""]","[""2017-10-13T12:30:00+00:00"", ""2019-03-12T12:30:00+00:00"", ""2016-06-16T12:30:00+00:00"", ""2019-06-12T12:30:00+00:00"", ""2017-04-14T12:30:00+00:00""]","[33.84265807574832, 33.933300491215476, 33.96561872218032, 34.02336726070527, 34.06920268775155]",1.3499999999999623,8.700000000001484,0.8,10.824389128260123,-0.14999999999987246,0.4807692307692308,0.2999999999997449,True,False,True,6.450000000000067,9.100000000001884,1.0,16.05418948436793,1.474999999999671,0.5,-0.40000000000040004,True,True,False,8.349999999999191,10.100000000001774,0.8,21.93329888548408,0.8249999999987434,0.5384615384615384,0.44999999999850715,True,True,True,19.3500000000002,8.750000000001812,0.6,29.74337909518682,-3.775000000001416,0.4423076923076923,-1.7000000000000348,True,False,False,3.2999999999994145,16.35000000000053,0.8,17.209689131416543,-2.349999999999852,0.46153846153846156,-5.800000000000249,True,False,False
bls:us_employment_situation:20200605T1230Z,us_employment_situation,2020-06-05 12:30:00+00:00,58,5,"[""bls:us_employment_situation:20200508T1230Z"", ""bls:us_employment_situation:20171103T1230Z"", ""bls:us_employment_situation:20190405T1230Z"", ""bls:us_employment_situation:20160708T1230Z"", ""bls:us_employment_situation:20190705T1230Z""]","[""2020-05-08T12:30:00+00:00"", ""2017-11-03T12:30:00+00:00"", ""2019-04-05T12:30:00+00:00"", ""2016-07-08T12:30:00+00:00"", ""2019-07-05T12:30:00+00:00""]","[28.883507428705755, 29.917075170764207, 29.988296786426318, 30.001734447865637, 30.070019293644723]",-16.050000000000786,-6.699999999999484,0.4,28.170410007666206,2.575000000000216,0.5344827586206896,-6.699999999999484,True,False,True,-33.60000000000029,-14.54999999999984,0.4,24.257382381453017,-1.3750000000001261,0.5,-17.650000000000166,True,True,True,-34.600000000000186,-16.700000000000603,0.2,18.629643045427073,-1.40000000000029,0.4827586206896552,-7.500000000000284,True,True,True,-16.54999999999962,-8.00000000000134,0.0,12.607957804497476,-5.375000000000796,0.41379310344827586,-2.9999999999996696,True,True,True,-46.99999999999926,-30.5500000000003,0.0,16.82467235936554,-1.9999999999997797,0.46551724137931033,-10.549999999998061,True,True,True
bls:us_cpi_release:20200610T1230Z,us_cpi_release,2020-06-10 12:30:00+00:00,53,5,"[""bls:us_cpi_release:20151117T1330Z"", ""bls:us_cpi_release:20160414T1230Z"", ""bls:us_cpi_release:20160120T1330Z"", ""bls:us_cpi_release:20150522T1230Z"", ""bls:us_cpi_release:20150324T1230Z""]","[""2015-11-17T13:30:00+00:00"", ""2016-04-14T12:30:00+00:00"", ""2016-01-20T13:30:00+00:00"", ""2015-05-22T12:30:00+00:00"", ""2015-03-24T12:30:00+00:00""]","[4.2996072593181145, 4.345809103947194, 4.350403591363645, 4.353330490162166, 4.368342103023605]",-1.1999999999989797,-12.700000000001044,0.4,24.217089007558585,0.0,0.49056603773584906,0.2999999999997449,True,False,False,-5.299999999999194,-7.250000000000867,0.4,28.41847286537367,3.1000000000003247,0.5094339622641509,-0.15000000000098268,True,False,True,-4.100000000000215,13.900000000000023,0.6,38.47099426841033,1.1999999999989797,0.5471698113207547,1.1999999999989797,False,False,False,4.750000000000032,-12.000000000000899,0.4,54.88520383491377,-3.20000000000098,0.4528301886792453,2.6999999999999247,False,False,True,-16.599999999999948,-24.100000000000232,0.4,63.52702574495355,-2.100000000000435,0.4716981132075472,3.2999999999994145,True,True,False
bls:us_employment_situation:20200702T1230Z,us_employment_situation,2020-07-02 12:30:00+00:00,59,5,"[""bls:us_employment_situation:20150702T1230Z"", ""bls:us_employment_situation:20180406T1230Z"", ""bls:us_employment_situation:20190308T1330Z"", ""bls:us_employment_situation:20170804T1230Z"", ""bls:us_employment_situation:20170602T1230Z""]","[""2015-07-02T12:30:00+00:00"", ""2018-04-06T12:30:00+00:00"", ""2019-03-08T13:30:00+00:00"", ""2017-08-04T12:30:00+00:00"", ""2017-06-02T12:30:00+00:00""]","[3.695031500971471, 3.832160884330144, 3.851035283535726, 3.8732170000707646, 3.9024799608934444]",11.650000000000826,20.999999999999908,0.8,23.615600775758633,1.80000000000069,0.5254237288135594,-9.500000000000064,True,True,False,5.399999999999849,24.599999999999067,0.6,33.02026044718696,-3.949999999999232,0.4915254237288136,-18.5499999999994,True,False,False,1.500000000000945,8.949999999998681,0.8,24.225222393201065,-1.500000000000945,0.4745762711864407,-16.599999999999948,True,False,False,-13.649999999998386,33.950000000000365,0.8,28.599580416503454,-5.850000000000577,0.4067796610169492,-9.449999999999736,False,True,True,-48.150000000000134,37.24999999999978,0.8,61.59759410886121,-2.649999999999597,0.4576271186440678,-18.5499999999994,False,True,True
bls:us_employment_situation:20200807T1230Z,us_employment_situation,2020-08-07 12:30:00+00:00,60,5,"[""bls:us_employment_situation:20200702T1230Z"", ""bls:us_employment_situation:20190308T1330Z"", ""bls:us_employment_situation:20160506T1230Z"", ""bls:us_employment_situation:20200110T1330Z"", ""bls:us_employment_situation:20200403T1230Z""]","[""2020-07-02T12:30:00+00:00"", ""2019-03-08T13:30:00+00:00"", ""2016-05-06T12:30:00+00:00"", ""2020-01-10T13:30:00+00:00"", ""2020-04-03T12:30:00+00:00""]","[4.277603189565089, 7.149839702446051, 7.1524199582788475, 7.163435660967454, 7.164125369397913]",-10.350000000001192,15.299999999998093,0.8,8.714757598464194,2.575000000000216,0.5333333333333333,-6.699999999999484,False,False,True,1.8999999999991246,5.399999999999849,0.6,13.165675068145928,-1.3750000000001261,0.5,-18.5499999999994,True,False,False,18.5499999999994,1.500000000000945,0.6,14.198683037521272,-1.40000000000029,0.48333333333333334,-16.599999999999948,True,False,False,-52.00000000000093,-2.9999999999996696,0.4,7.388274494087519,-6.174999999999375,0.4,-13.649999999998386,True,True,True,-45.65000000000152,-10.549999999998061,0.4,28.117610140266045,-4.299999999999304,0.45,-19.200000000001438,True,True,True
bls:us_cpi_release:20200812T1230Z,us_cpi_release,2020-08-12 12:30:00+00:00,54,5,"[""bls:us_cpi_release:20200610T1230Z"", ""bls:us_cpi_release:20160316T1230Z"", ""bls:us_cpi_release:20160816T1230Z"", ""bls:us_cpi_release:20160517T1230Z"", ""bls:us_cpi_release:20150522T1230Z""]","[""2020-06-10T12:30:00+00:00"", ""2016-03-16T12:30:00+00:00"", ""2016-08-16T12:30:00+00:00"", ""2016-05-17T12:30:00+00:00"", ""2015-05-22T12:30:00+00:00""]","[3.248366791828456, 3.875479071602991, 3.895103254569408, 3.9949760582493243, 4.003265648608488]",-4.00000000000178,-9.950000000000792,0.2,23.995324544586015,-0.14999999999987246,0.48148148148148145,0.2999999999997449,True,True,False,-0.9500000000017828,-9.200000000000319,0.2,24.768278099214285,1.474999999999671,0.5,-1.7999999999984695,True,False,True,17.399999999998528,-14.800000000001479,0.0,26.36894764680642,0.8249999999987434,0.5370370370370371,1.1999999999989797,False,True,True,26.199999999998447,-24.600000000001288,0.4,51.64543929525671,-2.4500000000005073,0.46296296296296297,4.750000000000032,False,False,True,27.800000000000047,-16.599999999999948,0.2,55.77468960021247,-2.349999999999852,0.46296296296296297,3.2999999999994145,False,False,True
bls:us_employment_situation:20200904T1230Z,us_employment_situation,2020-09-04 12:30:00+00:00,61,5,"[""bls:us_employment_situation:20200702T1230Z"", ""bls:us_employment_situation:20160603T1230Z"", ""bls:us_employment_situation:20160506T1230Z"", ""bls:us_employment_situation:20200403T1230Z"", ""bls:us_employment_situation:20170602T1230Z""]","[""2020-07-02T12:30:00+00:00"", ""2016-06-03T12:30:00+00:00"", ""2016-05-06T12:30:00+00:00"", ""2020-04-03T12:30:00+00:00"", ""2017-06-02T12:30:00+00:00""]","[2.857407618076003, 3.704115168460736, 3.7060913268003044, 3.7399254339585863, 3.7492755629171617]",-7.900000000000684,23.400000000000087,0.8,23.55311868946392,1.80000000000069,0.5245901639344263,-6.699999999999484,False,False,True,-0.9500000000017828,11.849999999999916,0.8,41.11345278616272,1.1999999999989797,0.5081967213114754,-18.5499999999994,False,False,True,-12.400000000001299,1.500000000000945,0.6,47.639170857604725,-1.2999999999996348,0.4918032786885246,-16.599999999999948,False,True,True,-43.90000000000116,-2.9999999999996696,0.4,60.89970771686834,-6.499999999998174,0.39344262295081966,-16.54999999999962,True,True,True,-16.050000000000786,-10.549999999998061,0.4,79.8948058386781,-5.949999999999012,0.4426229508196721,-45.65000000000152,True,True,True
bls:us_cpi_release:20200911T1230Z,us_cpi_release,2020-09-11 12:30:00+00:00,55,5,"[""bls:us_cpi_release:20200812T1230Z"", ""bls:us_cpi_release:20170512T1230Z"", ""bls:us_cpi_release:20160517T1230Z"", ""bls:us_cpi_release:20200610T1230Z"", ""bls:us_cpi_release:20150522T1230Z""]","[""2020-08-12T12:30:00+00:00"", ""2017-05-12T12:30:00+00:00"", ""2016-05-17T12:30:00+00:00"", ""2020-06-10T12:30:00+00:00"", ""2015-05-22T12:30:00+00:00""]","[1.230923028778211, 3.325183058701909, 3.3476224220913524, 3.3573830680413943, 3.360239716067039]",-2.549999999998942,-4.00000000000178,0.2,21.126594614371772,-0.2999999999997449,0.4727272727272727,-1.1999999999989797,True,True,True,-7.049999999999557,-5.299999999999194,0.2,26.330677925188365,-0.15000000000098268,0.4909090909090909,-1.7999999999984695,True,True,True,-11.349999999998861,-2.60000000000149,0.4,37.35815305927227,1.1999999999989797,0.5454545454545454,1.1999999999989797,True,False,False,-0.9499999999995623,6.749999999999812,0.8,63.942932369418685,-1.7000000000000348,0.4727272727272727,4.750000000000032,False,True,False,-13.799999999999368,20.999999999999908,0.6,68.14140884953912,-2.100000000000435,0.4727272727272727,3.2999999999994145,False,True,False
bls:us_employment_situation:20201002T1230Z,us_employment_situation,2020-10-02 12:30:00+00:00,62,5,"[""bls:us_employment_situation:20200904T1230Z"", ""bls:us_employment_situation:20200702T1230Z"", ""bls:us_employment_situation:20160603T1230Z"", ""bls:us_employment_situation:20170602T1230Z"", ""bls:us_employment_situation:20170505T1230Z""]","[""2020-09-04T12:30:00+00:00"", ""2020-07-02T12:30:00+00:00"", ""2016-06-03T12:30:00+00:00"", ""2017-06-02T12:30:00+00:00"", ""2017-05-05T12:30:00+00:00""]","[0.8481551880007108, 3.0052059792302184, 3.325624759117082, 3.3314523321436758, 3.368275217052234]",0.4500000000007276,11.650000000000826,0.6,26.847662840552633,1.1750000000010363,0.5161290322580645,-7.900000000000684,True,True,False,-4.699999999999704,13.750000000001261,0.8,37.29308246846931,0.12499999999859845,0.5,-0.9500000000017828,False,False,True,-16.499999999999293,19.850000000001256,0.8,41.0335106955286,-1.40000000000029,0.4838709677419355,-12.400000000001299,False,True,True,-18.499999999999073,14.100000000001334,0.6,66.01103392615543,-6.950000000000012,0.3870967741935484,-23.200000000000998,False,True,True,-10.850000000000026,28.95000000000092,0.6,77.78417319738058,-6.850000000000467,0.43548387096774194,-45.65000000000152,False,True,True
bls:us_cpi_release:20201013T1230Z,us_cpi_release,2020-10-13 12:30:00+00:00,56,5,"[""bls:us_cpi_release:20200911T1230Z"", ""bls:us_cpi_release:20200812T1230Z"", ""bls:us_cpi_release:20160517T1230Z"", ""bls:us_cpi_release:20161018T1230Z"", ""bls:us_cpi_release:20170512T1230Z""]","[""2020-09-11T12:30:00+00:00"", ""2020-08-12T12:30:00+00:00"", ""2016-05-17T12:30:00+00:00"", ""2016-10-18T12:30:00+00:00"", ""2017-05-12T12:30:00+00:00""]","[1.134000173694289, 1.9415532808756761, 2.828578713847769, 2.872873560318346, 2.876189430810765]",2.100000000000435,-2.549999999998942,0.4,7.6403795717229075,-0.7250000000003087,0.4642857142857143,-1.6499999999997073,False,False,False,0.8999999999992347,-0.9500000000017828,0.4,8.995921298010366,-0.27500000000069136,0.48214285714285715,-4.900000000001015,False,False,False,-0.3500000000000725,7.950000000001012,0.6,16.452993648572917,0.8249999999987434,0.5357142857142857,1.1999999999989797,False,False,False,-26.649999999999174,6.749999999999812,0.6,19.35444651753161,-1.3249999999997986,0.4642857142857143,4.750000000000032,False,True,False,-58.400000000000674,20.999999999999908,0.6,21.63741204488158,-2.349999999999852,0.4642857142857143,-13.799999999999368,False,True,True
bls:us_employment_situation:20201106T1330Z,us_employment_situation,2020-11-06 13:30:00+00:00,63,5,"[""bls:us_employment_situation:20150109T1330Z"", ""bls:us_employment_situation:20181005T1230Z"", ""bls:us_employment_situation:20180803T1230Z"", ""bls:us_employment_situation:20171208T1330Z"", ""bls:us_employment_situation:20180105T1330Z""]","[""2015-01-09T13:30:00+00:00"", ""2018-10-05T12:30:00+00:00"", ""2018-08-03T12:30:00+00:00"", ""2017-12-08T13:30:00+00:00"", ""2018-01-05T13:30:00+00:00""]","[2.7124222757287555, 2.7767443267942986, 2.7782566461675344, 2.7784603448446084, 2.781992257185433]",-5.699999999999594,10.149999999999881,1.0,7.694712470262024,0.5500000000013827,0.5238095238095238,-7.900000000000684,False,False,True,-6.500000000000394,1.2999999999996348,0.8,11.65295670634674,-0.9500000000017828,0.49206349206349204,-0.9500000000017828,False,True,True,-5.349999999999522,9.550000000000392,0.6,26.13209903547744,-1.500000000000945,0.47619047619047616,-12.400000000001299,False,True,True,-2.349999999999852,-17.849999999999255,0.4,25.64791219573231,-7.4000000000018495,0.38095238095238093,-18.499999999999073,True,True,True,2.649999999999597,6.150000000000322,0.8,12.0466011804164,-7.750000000001922,0.42857142857142855,-45.65000000000152,True,False,False
bls:us_cpi_release:20201112T1330Z,us_cpi_release,2020-11-12 13:30:00+00:00,57,5,"[""bls:us_cpi_release:20171213T1330Z"", ""bls:us_cpi_release:20161215T1330Z"", ""bls:us_cpi_release:20180913T1230Z"", ""bls:us_cpi_release:20170118T1330Z"", ""bls:us_cpi_release:20190711T1230Z""]","[""2017-12-13T13:30:00+00:00"", ""2016-12-15T13:30:00+00:00"", ""2018-09-13T12:30:00+00:00"", ""2017-01-18T13:30:00+00:00"", ""2019-07-11T12:30:00+00:00""]","[2.5232810163094284, 2.5240183730134778, 2.5507974392466224, 2.557793790908699, 2.562408780177704]",1.7000000000000348,-1.9499999999994522,0.4,12.407280120961397,-0.2999999999997449,0.47368421052631576,-1.1999999999989797,False,False,False,5.450000000000177,3.900000000001125,0.6,14.182101395773062,-0.15000000000098268,0.49122807017543857,-0.9500000000017828,True,False,False,-2.249999999999197,3.9999999999995595,0.8,21.34175250535893,0.44999999999850715,0.5263157894736842,-0.3500000000000725,False,False,True,-10.650000000000936,20.799999999998597,0.8,30.489745817240774,-1.7000000000000348,0.45614035087719296,4.750000000000032,False,True,False,6.900000000000794,20.649999999999835,0.6,33.143681147392485,-2.5999999999992696,0.45614035087719296,-13.799999999999368,True,False,False
bls:us_employment_situation:20201204T1330Z,us_employment_situation,2020-12-04 13:30:00+00:00,64,5,"[""bls:us_employment_situation:20201106T1330Z"", ""bls:us_employment_situation:20190201T1330Z"", ""bls:us_employment_situation:20180803T1230Z"", ""bls:us_employment_situation:20180105T1330Z"", ""bls:us_employment_situation:20181005T1230Z""]","[""2020-11-06T13:30:00+00:00"", ""2019-02-01T13:30:00+00:00"", ""2018-08-03T12:30:00+00:00"", ""2018-01-05T13:30:00+00:00"", ""2018-10-05T12:30:00+00:00""]","[0.6636937310391573, 2.732191030245178, 2.733370227593562, 2.7334498982813065, 2.7430361233552447]",6.699999999999484,6.049999999999667,0.6,11.545795771621684,0.5000000000010552,0.515625,-5.699999999999594,True,True,False,-0.3500000000000725,1.2499999999993072,0.6,13.850364616138862,-2.4500000000005073,0.484375,-0.9500000000017828,False,True,True,-0.8000000000008001,0.700000000000145,0.6,8.787775600230443,-3.175000000000816,0.46875,-5.349999999999522,False,True,True,2.5999999999992696,-3.1999999999987594,0.2,17.101970646682144,-6.950000000000012,0.375,-18.499999999999073,False,False,False,-10.700000000001264,2.649999999999597,0.6,5.760694402587645,-6.850000000000467,0.4375,-16.050000000000786,False,True,True
bls:us_cpi_release:20201210T1330Z,us_cpi_release,2020-12-10 13:30:00+00:00,58,5,"[""bls:us_cpi_release:20201112T1330Z"", ""bls:us_cpi_release:20170118T1330Z"", ""bls:us_cpi_release:20190612T1230Z"", ""bls:us_cpi_release:20171213T1330Z"", ""bls:us_cpi_release:20190711T1230Z""]","[""2020-11-12T13:30:00+00:00"", ""2017-01-18T13:30:00+00:00"", ""2019-06-12T12:30:00+00:00"", ""2017-12-13T13:30:00+00:00"", ""2019-07-11T12:30:00+00:00""]","[0.6860139472352417, 2.437963849904459, 2.4611649157399835, 2.465360524250621, 2.4773750230601803]",6.500000000000394,1.7000000000000348,0.6,11.014853607742854,-0.14999999999987246,0.4827586206896552,-1.1999999999989797,True,False,False,10.700000000001264,5.450000000000177,0.8,13.105403465745972,0.37499999999912603,0.5,-0.9500000000017828,True,True,False,21.300000000001873,3.6999999999998145,0.6,11.438994711075017,0.3999999999992898,0.5172413793103449,-2.249999999999197,True,True,False,-2.649999999999597,-10.650000000000936,0.4,18.92312342083093,-2.4500000000005073,0.4482758620689655,-0.9499999999995623,True,True,True,13.300000000000534,6.900000000000794,0.6,21.696843088339044,-2.349999999999852,0.46551724137931033,-13.799999999999368,True,False,False
bls:us_employment_situation:20210108T1330Z,us_employment_situation,2021-01-08 13:30:00+00:00,65,5,"[""bls:us_employment_situation:20201204T1330Z"", ""bls:us_employment_situation:20201106T1330Z"", ""bls:us_employment_situation:20180105T1330Z"", ""bls:us_employment_situation:20180803T1230Z"", ""bls:us_employment_situation:20180907T1230Z""]","[""2020-12-04T13:30:00+00:00"", ""2020-11-06T13:30:00+00:00"", ""2018-01-05T13:30:00+00:00"", ""2018-08-03T12:30:00+00:00"", ""2018-09-07T12:30:00+00:00""]","[0.611176836168474, 0.8363427364157867, 2.691323133951329, 2.6927686989353417, 2.6961877755967154]",-5.949999999999012,6.699999999999484,0.6,17.51886411843003,0.5500000000013827,0.5230769230769231,-5.699999999999594,False,False,True,-6.749999999999812,-0.3500000000000725,0.4,16.851599330626854,-0.9500000000017828,0.47692307692307695,-0.9500000000017828,True,True,True,21.450000000000635,-0.8000000000008001,0.4,16.714981304207296,-1.500000000000945,0.46153846153846156,-5.349999999999522,False,False,False,27.500000000000302,-17.849999999999255,0.2,17.175290390558345,-6.499999999998174,0.38461538461538464,-18.499999999999073,False,False,False,-15.700000000000713,-10.000000000001119,0.4,23.34959100284173,-7.750000000001922,0.4307692307692308,-10.850000000000026,True,True,True
bls:us_cpi_release:20210113T1330Z,us_cpi_release,2021-01-13 13:30:00+00:00,59,5,"[""bls:us_cpi_release:20201210T1330Z"", ""bls:us_cpi_release:20201112T1330Z"", ""bls:us_cpi_release:20170118T1330Z"", ""bls:us_cpi_release:20171213T1330Z"", ""bls:us_cpi_release:20180913T1230Z""]","[""2020-12-10T13:30:00+00:00"", ""2020-11-12T13:30:00+00:00"", ""2017-01-18T13:30:00+00:00"", ""2017-12-13T13:30:00+00:00"", ""2018-09-13T12:30:00+00:00""]","[0.8779694187677596, 1.2753572385896075, 2.4197735634308346, 2.469723033377646, 2.4826283195748617]",1.5500000000012726,6.500000000000394,0.8,8.557008823181004,0.0,0.4915254237288136,1.7000000000000348,True,False,True,5.850000000000577,10.700000000001264,1.0,8.542400131110405,0.8999999999992347,0.5084745762711864,0.8999999999992347,True,True,True,-2.849999999998687,21.300000000001873,0.8,19.511622177563453,0.44999999999850715,0.5254237288135594,-0.3500000000000725,False,False,True,-12.499999999999734,13.800000000001589,0.6,27.275857456732314,-2.649999999999597,0.4406779661016949,-2.649999999999597,False,True,True,-11.299999999998533,20.649999999999835,1.0,16.546945337432874,-2.100000000000435,0.4745762711864407,6.900000000000794,False,True,False
bls:us_employment_situation:20210205T1330Z,us_employment_situation,2021-02-05 13:30:00+00:00,66,5,"[""bls:us_employment_situation:20160603T1230Z"", ""bls:us_employment_situation:20171103T1230Z"", ""bls:us_employment_situation:20191206T1330Z"", ""bls:us_employment_situation:20191004T1230Z"", ""bls:us_employment_situation:20161007T1230Z""]","[""2016-06-03T12:30:00+00:00"", ""2017-11-03T12:30:00+00:00"", ""2019-12-06T13:30:00+00:00"", ""2019-10-04T12:30:00+00:00"", ""2016-10-07T12:30:00+00:00""]","[0.6973303575435073, 0.7039798888784464, 0.7301177433694435, 0.7581914437035717, 0.7667645076709295]",13.950000000000351,17.75000000000082,0.6,29.054834365385585,0.5000000000010552,0.5151515151515151,-5.699999999999594,True,True,False,15.850000000001696,-7.299999999998974,0.4,45.71854109658383,-2.4500000000005073,0.4696969696969697,-4.699999999999704,False,False,False,16.20000000000177,12.150000000001882,0.6,41.836653785885616,-1.40000000000029,0.4696969696969697,-5.349999999999522,True,False,False,31.200000000000117,-6.499999999998174,0.4,62.93764374362948,-6.174999999999375,0.3939393939393939,-2.349999999999852,False,False,False,54.95000000000027,-1.3499999999999623,0.4,83.14011065665046,-8.525000000001448,0.42424242424242425,-10.850000000000026,False,False,False
bls:us_cpi_release:20210210T1330Z,us_cpi_release,2021-02-10 13:30:00+00:00,60,5,"[""bls:us_cpi_release:20161018T1230Z"", ""bls:us_cpi_release:20170118T1330Z"", ""bls:us_cpi_release:20170215T1330Z"", ""bls:us_cpi_release:20160517T1230Z"", ""bls:us_cpi_release:20171013T1230Z""]","[""2016-10-18T12:30:00+00:00"", ""2017-01-18T13:30:00+00:00"", ""2017-02-15T13:30:00+00:00"", ""2016-05-17T12:30:00+00:00"", ""2017-10-13T12:30:00+00:00""]","[0.578323858993567, 0.6900472192029541, 0.7031748734804943, 0.7047950232179354, 0.7072720382449597]",10.149999999999881,-1.9499999999994522,0.4,17.577923654402632,0.14999999999987246,0.5,1.7000000000000348,False,True,True,9.850000000000136,3.900000000001125,0.6,26.28523539936443,1.9999999999997797,0.5166666666666667,5.450000000000177,True,True,True,9.149999999999991,3.6999999999998145,0.6,28.37879490041848,0.3999999999992898,0.5166666666666667,-2.249999999999197,True,True,False,13.700000000000934,6.749999999999812,0.6,27.60717298094897,-2.9250000000002885,0.43333333333333335,-10.650000000000936,True,False,False,8.950000000000902,20.999999999999908,0.8,16.112634793850415,-2.349999999999852,0.4666666666666667,-11.299999999998533,True,False,False
bls:us_employment_situation:20210305T1330Z,us_employment_situation,2021-03-05 13:30:00+00:00,67,5,"[""bls:us_employment_situation:20161202T1330Z"", ""bls:us_employment_situation:20210205T1330Z"", ""bls:us_employment_situation:20200207T1330Z"", ""bls:us_employment_situation:20170407T1230Z"", ""bls:us_employment_situation:20170602T1230Z""]","[""2016-12-02T13:30:00+00:00"", ""2021-02-05T13:30:00+00:00"", ""2020-02-07T13:30:00+00:00"", ""2017-04-07T12:30:00+00:00"", ""2017-06-02T12:30:00+00:00""]","[0.5982843108672905, 0.643476258869732, 0.684070801526481, 0.6913852251169211, 0.6937392893326674]",-22.94999999999936,13.950000000000351,0.8,12.45356976934717,0.5500000000013827,0.5223880597014925,0.4500000000007276,False,False,False,-28.34999999999921,15.850000000001696,1.0,14.757689521060653,-0.9500000000017828,0.47761194029850745,-4.699999999999704,False,True,True,-12.900000000000134,1.5499999999990521,0.6,23.91726154893249,-1.2999999999996348,0.47761194029850745,-0.8000000000008001,False,True,True,5.20000000000076,7.749999999999702,0.6,24.33326118710828,-5.850000000000577,0.40298507462686567,2.5999999999992696,True,False,True,-23.999999999999577,33.60000000000029,0.6,34.03605441293142,-7.750000000001922,0.43283582089552236,-10.700000000001264,False,True,True
bls:us_cpi_release:20210310T1330Z,us_cpi_release,2021-03-10 13:30:00+00:00,61,5,"[""bls:us_cpi_release:20210210T1330Z"", ""bls:us_cpi_release:20170118T1330Z"", ""bls:us_cpi_release:20170315T1230Z"", ""bls:us_cpi_release:20170215T1330Z"", ""bls:us_cpi_release:20171115T1330Z""]","[""2021-02-10T13:30:00+00:00"", ""2017-01-18T13:30:00+00:00"", ""2017-03-15T12:30:00+00:00"", ""2017-02-15T13:30:00+00:00"", ""2017-11-15T13:30:00+00:00""]","[0.6905351350115472, 0.6921187176036688, 0.7382692687705587, 0.7814301947691293, 0.8051504212085954]",9.200000000000319,-4.850000000000687,0.2,11.118381177131804,0.2999999999997449,0.5081967213114754,2.100000000000435,False,True,True,22.299999999999542,3.900000000001125,0.6,15.59578789288987,3.1000000000003247,0.5245901639344263,5.850000000000577,True,True,True,13.650000000000606,3.6999999999998145,0.6,15.445698430307594,0.44999999999850715,0.5245901639344263,-0.3500000000000725,True,True,False,36.35000000000055,-12.150000000001882,0.4,14.985946750206242,-2.649999999999597,0.4426229508196721,-10.650000000000936,False,False,False,16.099999999998893,8.950000000000902,0.6,29.852695020717388,-2.100000000000435,0.47540983606557374,6.900000000000794,True,False,True
bls:us_cpi_release:20210413T1230Z,us_cpi_release,2021-04-13 12:30:00+00:00,62,5,"[""bls:us_cpi_release:20210310T1330Z"", ""bls:us_cpi_release:20171115T1330Z"", ""bls:us_cpi_release:20170118T1330Z"", ""bls:us_cpi_release:20170315T1230Z"", ""bls:us_cpi_release:20190213T1330Z""]","[""2021-03-10T13:30:00+00:00"", ""2017-11-15T13:30:00+00:00"", ""2017-01-18T13:30:00+00:00"", ""2017-03-15T12:30:00+00:00"", ""2019-02-13T13:30:00+00:00""]","[0.923472198791134, 1.1229896700862005, 1.1363835445623824, 1.168352100006193, 1.1962763960516487]",-1.100000000000545,-4.850000000000687,0.2,7.132320800412658,0.34999999999896225,0.5161290322580645,6.500000000000394,True,False,False,8.150000000000102,3.900000000001125,0.6,13.160471116187777,3.4999999999996145,0.532258064516129,9.850000000000136,True,True,True,31.90000000000026,3.6999999999998145,0.6,10.883538027682093,0.8249999999987434,0.532258064516129,9.149999999999991,True,True,True,37.45000000000109,-15.050000000000896,0.4,23.298570771616305,-2.174999999999816,0.45161290322580644,-2.649999999999597,False,False,False,42.34999999999989,-2.5999999999992696,0.4,25.631437727915024,-1.0999999999994348,0.4838709677419355,8.950000000000902,False,False,True
bls:us_employment_situation:20210507T1230Z,us_employment_situation,2021-05-07 12:30:00+00:00,68,5,"[""bls:us_employment_situation:20180803T1230Z"", ""bls:us_employment_situation:20210305T1330Z"", ""bls:us_employment_situation:20180105T1330Z"", ""bls:us_employment_situation:20170310T1330Z"", ""bls:us_employment_situation:20181005T1230Z""]","[""2018-08-03T12:30:00+00:00"", ""2021-03-05T13:30:00+00:00"", ""2018-01-05T13:30:00+00:00"", ""2017-03-10T13:30:00+00:00"", ""2018-10-05T12:30:00+00:00""]","[2.110865610886564, 2.115026468735796, 2.1391514411227366, 2.1391547682091705, 2.1424074722219313]",47.15000000000025,10.149999999999881,0.8,16.076890246561927,0.5000000000010552,0.5147058823529411,-5.699999999999594,True,True,False,59.500000000001215,10.250000000000536,0.8,17.55726630201844,-2.4500000000005073,0.47058823529411764,-6.500000000000394,True,False,False,61.80000000000074,9.550000000000392,0.6,14.927739279610018,-1.40000000000029,0.47058823529411764,-0.8000000000008001,True,False,False,40.800000000000836,5.20000000000076,0.6,21.75998621323081,-5.375000000000796,0.4117647058823529,5.20000000000076,True,False,True,93.3000000000006,3.750000000000142,0.6,31.291107362956126,-8.525000000001448,0.4264705882352941,-10.700000000001264,True,False,False
bls:us_cpi_release:20210512T1230Z,us_cpi_release,2021-05-12 12:30:00+00:00,63,5,"[""bls:us_cpi_release:20210310T1330Z"", ""bls:us_cpi_release:20180913T1230Z"", ""bls:us_cpi_release:20170315T1230Z"", ""bls:us_cpi_release:20171213T1330Z"", ""bls:us_cpi_release:20180112T1330Z""]","[""2021-03-10T13:30:00+00:00"", ""2018-09-13T12:30:00+00:00"", ""2017-03-15T12:30:00+00:00"", ""2017-12-13T13:30:00+00:00"", ""2018-01-12T13:30:00+00:00""]","[1.60809784061673, 1.6676893465491829, 1.7004738882875705, 1.7059231293557016, 1.719416156960769]",-38.750000000000725,9.200000000000319,0.6,14.117315608854232,0.2999999999997449,0.5079365079365079,6.500000000000394,False,False,False,-30.800000000001937,16.35000000000053,0.8,12.23325794708849,3.8999999999989043,0.5396825396825397,9.850000000000136,False,False,False,-8.900000000000574,13.650000000000606,0.6,26.948480476642665,1.1999999999989797,0.5396825396825397,13.650000000000606,False,False,False,-27.250000000000885,23.450000000000415,0.8,28.116905946422875,-1.7000000000000348,0.4603174603174603,13.700000000000934,False,True,False,-48.799999999999955,16.099999999998893,0.6,23.807288799860977,-0.09999999999843467,0.49206349206349204,13.300000000000534,False,True,False
bls:us_employment_situation:20210604T1230Z,us_employment_situation,2021-06-04 12:30:00+00:00,69,5,"[""bls:us_employment_situation:20210507T1230Z"", ""bls:us_employment_situation:20210305T1330Z"", ""bls:us_employment_situation:20180803T1230Z"", ""bls:us_employment_situation:20181005T1230Z"", ""bls:us_employment_situation:20170407T1230Z""]","[""2021-05-07T12:30:00+00:00"", ""2021-03-05T13:30:00+00:00"", ""2018-08-03T12:30:00+00:00"", ""2018-10-05T12:30:00+00:00"", ""2017-04-07T12:30:00+00:00""]","[2.2238360365055683, 3.4282900754794214, 3.4389610527840198, 3.4885265170237045, 3.5095441606525273]",30.000000000001137,10.149999999999881,0.8,22.960740406180143,0.5500000000013827,0.5217391304347826,6.699999999999484,True,True,True,39.75000000000062,10.250000000000536,0.8,28.409375213123024,-0.9500000000017828,0.4782608695652174,-0.3500000000000725,True,False,False,33.950000000000365,1.5499999999990521,0.6,26.18760011914089,-1.2999999999996348,0.4782608695652174,16.20000000000177,True,False,True,59.59999999999965,5.20000000000076,0.6,22.931650616560386,-4.900000000001015,0.42028985507246375,27.500000000000302,True,False,True,52.65000000000075,3.750000000000142,0.6,43.045387673942756,-7.750000000001922,0.43478260869565216,-10.700000000001264,True,False,False
bls:us_cpi_release:20210610T1230Z,us_cpi_release,2021-06-10 12:30:00+00:00,64,5,"[""bls:us_cpi_release:20210512T1230Z"", ""bls:us_cpi_release:20210310T1330Z"", ""bls:us_cpi_release:20180913T1230Z"", ""bls:us_cpi_release:20181011T1230Z"", ""bls:us_cpi_release:20170315T1230Z""]","[""2021-05-12T12:30:00+00:00"", ""2021-03-10T13:30:00+00:00"", ""2018-09-13T12:30:00+00:00"", ""2018-10-11T12:30:00+00:00"", ""2017-03-15T12:30:00+00:00""]","[1.8942468060103776, 3.2050721241724887, 3.2493185563000817, 3.2637795246930263, 3.284635964896899]",-8.050000000001667,9.200000000000319,0.6,21.90432377408662,0.14999999999987246,0.5,1.5500000000012726,False,False,False,-1.7500000000003624,16.35000000000053,0.6,21.36582785665042,3.4999999999996145,0.53125,8.150000000000102,False,False,False,13.299999999998313,13.650000000000606,0.6,22.55419251491807,0.8249999999987434,0.53125,9.149999999999991,True,True,True,-22.600000000001508,-5.1000000000001044,0.4,35.23427876372667,-2.174999999999816,0.453125,13.700000000000934,True,True,False,-1.8500000000010175,8.799999999999919,0.6,33.296222007909385,-1.0999999999994348,0.484375,8.950000000000902,False,True,False
bls:us_employment_situation:20210702T1230Z,us_employment_situation,2021-07-02 12:30:00+00:00,70,5,"[""bls:us_employment_situation:20210507T1230Z"", ""bls:us_employment_situation:20210604T1230Z"", ""bls:us_employment_situation:20180803T1230Z"", ""bls:us_employment_situation:20170407T1230Z"", ""bls:us_employment_situation:20181005T1230Z""]","[""2021-05-07T12:30:00+00:00"", ""2021-06-04T12:30:00+00:00"", ""2018-08-03T12:30:00+00:00"", ""2017-04-07T12:30:00+00:00"", ""2018-10-05T12:30:00+00:00""]","[1.3864227110210472, 1.8121365490000798, 2.0027784426357966, 2.07247314353686, 2.0730741953688043]",-0.5000000000010552,23.999999999999577,1.0,14.727817217768836,1.1750000000010363,0.5285714285714286,13.950000000000351,False,False,False,27.449999999999974,17.699999999998273,1.0,21.167649845933035,-0.6500000000009276,0.4857142857142857,15.850000000001696,True,False,True,26.399999999999757,19.100000000000783,0.8,23.241785645686292,-1.0500000000002174,0.4857142857142857,21.450000000000635,True,False,True,16.249999999999876,25.849999999998374,0.6,30.750788607773806,-4.100000000000215,0.42857142857142855,31.200000000000117,True,False,True,21.34999999999998,6.150000000000322,0.8,41.4191815467186,-6.850000000000467,0.44285714285714284,52.65000000000075,True,False,True
bls:us_cpi_release:20210811T1230Z,us_cpi_release,2021-08-11 12:30:00+00:00,65,5,"[""bls:us_cpi_release:20180913T1230Z"", ""bls:us_cpi_release:20210512T1230Z"", ""bls:us_cpi_release:20210413T1230Z"", ""bls:us_cpi_release:20160316T1230Z"", ""bls:us_cpi_release:20181114T1330Z""]","[""2018-09-13T12:30:00+00:00"", ""2021-05-12T12:30:00+00:00"", ""2021-04-13T12:30:00+00:00"", ""2016-03-16T12:30:00+00:00"", ""2018-11-14T13:30:00+00:00""]","[1.9546439553308501, 1.9749952241532867, 2.005752423695581, 2.011964834955642, 2.0234253164362]",10.850000000000026,-1.100000000000545,0.4,20.168405985600735,0.0,0.49230769230769234,-1.100000000000545,False,False,False,17.75000000000082,8.150000000000102,0.6,17.404798189006094,3.1000000000003247,0.5230769230769231,8.150000000000102,True,True,True,26.850000000000485,2.20000000000109,0.6,25.821928665380646,1.1999999999989797,0.5384615384615384,13.299999999998313,True,True,True,22.599999999999287,-0.5000000000010552,0.4,36.67405895179886,-2.649999999999597,0.4461538461538462,13.700000000000934,False,False,True,20.649999999999835,13.700000000000934,0.6,37.78887402397695,-1.8500000000010175,0.47692307692307695,8.950000000000902,True,False,True
bls:us_employment_situation:20210903T1230Z,us_employment_situation,2021-09-03 12:30:00+00:00,71,5,"[""bls:us_employment_situation:20210702T1230Z"", ""bls:us_employment_situation:20210507T1230Z"", ""bls:us_employment_situation:20180706T1230Z"", ""bls:us_employment_situation:20180803T1230Z"", ""bls:us_employment_situation:20170310T1330Z""]","[""2021-07-02T12:30:00+00:00"", ""2021-05-07T12:30:00+00:00"", ""2018-07-06T12:30:00+00:00"", ""2018-08-03T12:30:00+00:00"", ""2017-03-10T13:30:00+00:00""]","[1.3092618842039447, 1.5580249693909285, 1.834940967604747, 1.8443762207647023, 1.846570502379206]",27.849999999998154,10.149999999999881,0.8,16.38057996531278,0.5500000000013827,0.5211267605633803,13.950000000000351,True,True,True,24.449999999998084,21.15000000000089,1.0,17.515004995717266,-0.3500000000000725,0.49295774647887325,27.449999999999974,True,False,True,1.5999999999993797,29.55000000000041,1.0,14.65412569892874,-0.8000000000008001,0.49295774647887325,26.399999999999757,True,False,True,24.649999999999395,29.700000000001392,0.8,22.24451842589531,-3.2999999999994145,0.43661971830985913,31.200000000000117,True,False,True,14.399999999998858,21.34999999999998,1.0,33.24134473814226,-5.949999999999012,0.4507042253521127,52.65000000000075,True,False,True
bls:us_cpi_release:20210914T1230Z,us_cpi_release,2021-09-14 12:30:00+00:00,66,5,"[""bls:us_cpi_release:20210811T1230Z"", ""bls:us_cpi_release:20180913T1230Z"", ""bls:us_cpi_release:20170315T1230Z"", ""bls:us_cpi_release:20210512T1230Z"", ""bls:us_cpi_release:20181114T1330Z""]","[""2021-08-11T12:30:00+00:00"", ""2018-09-13T12:30:00+00:00"", ""2017-03-15T12:30:00+00:00"", ""2021-05-12T12:30:00+00:00"", ""2018-11-14T13:30:00+00:00""]","[1.2894750764948204, 1.4463604380512285, 1.4860007956615702, 1.5473250018892002, 1.5518107631838958]",16.74999999999871,10.850000000000026,0.6,20.449547672259552,0.14999999999987246,0.5,-1.100000000000545,True,True,False,26.94999999999892,8.60000000000083,0.6,18.042854541342347,3.4999999999996145,0.5303030303030303,8.150000000000102,True,True,True,19.199999999999218,2.20000000000109,0.6,23.2201550382419,1.7000000000000348,0.5454545454545454,13.650000000000606,True,True,True,27.449999999999974,-0.5000000000010552,0.4,33.34635512316139,-2.174999999999816,0.45454545454545453,22.599999999999287,False,False,True,14.899999999999913,13.700000000000934,0.6,33.75430342934061,-0.9749999999997261,0.48484848484848486,16.099999999998893,True,False,True
bls:us_employment_situation:20211008T1230Z,us_employment_situation,2021-10-08 12:30:00+00:00,72,5,"[""bls:us_employment_situation:20210702T1230Z"", ""bls:us_employment_situation:20210903T1230Z"", ""bls:us_employment_situation:20180803T1230Z"", ""bls:us_employment_situation:20180907T1230Z"", ""bls:us_employment_situation:20181005T1230Z""]","[""2021-07-02T12:30:00+00:00"", ""2021-09-03T12:30:00+00:00"", ""2018-08-03T12:30:00+00:00"", ""2018-09-07T12:30:00+00:00"", ""2018-10-05T12:30:00+00:00""]","[1.1009638907383215, 1.1346488340970542, 1.3742489648925116, 1.383524051372607, 1.4072075760179503]",10.449999999999626,6.049999999999667,0.6,17.695180134714526,1.1750000000010363,0.5277777777777778,27.849999999998154,True,True,True,5.950000000001232,10.250000000000536,0.8,19.833507002040154,0.4249999999994536,0.5,27.449999999999974,True,True,True,9.850000000000136,1.5999999999993797,0.6,19.720709926369175,-0.05000000000032756,0.5,26.399999999999757,True,False,True,-1.0500000000002174,16.249999999999876,0.6,28.155070591280516,-3.249999999999087,0.4444444444444444,24.649999999999395,False,True,False,-3.9999999999995595,6.150000000000322,0.8,28.80682210866,-4.299999999999304,0.4583333333333333,21.34999999999998,False,True,False
bls:us_cpi_release:20211013T1230Z,us_cpi_release,2021-10-13 12:30:00+00:00,67,5,"[""bls:us_cpi_release:20210914T1230Z"", ""bls:us_cpi_release:20210811T1230Z"", ""bls:us_cpi_release:20180913T1230Z"", ""bls:us_cpi_release:20170315T1230Z"", ""bls:us_cpi_release:20181011T1230Z""]","[""2021-09-14T12:30:00+00:00"", ""2021-08-11T12:30:00+00:00"", ""2018-09-13T12:30:00+00:00"", ""2017-03-15T12:30:00+00:00"", ""2018-10-11T12:30:00+00:00""]","[0.5161338766758532, 1.3959105119159203, 1.413565934746571, 1.4376385957864306, 1.461530937819064]",0.5000000000010552,16.74999999999871,0.8,9.345555093198223,0.2999999999997449,0.5074626865671642,-1.100000000000545,True,True,False,-13.000000000000789,17.75000000000082,0.8,11.81483812838742,3.8999999999989043,0.5373134328358209,8.150000000000102,False,False,False,-14.099999999999113,26.850000000000485,0.8,18.406585777921748,2.20000000000109,0.5522388059701493,19.199999999999218,False,False,False,3.9999999999995595,22.599999999999287,0.6,28.815665878129337,-1.7000000000000348,0.4626865671641791,22.599999999999287,True,False,True,15.95000000000013,14.899999999999913,0.8,19.254074893382757,-0.09999999999843467,0.4925373134328358,14.899999999999913,True,False,True
bls:us_employment_situation:20211105T1230Z,us_employment_situation,2021-11-05 12:30:00+00:00,73,5,"[""bls:us_employment_situation:20211008T1230Z"", ""bls:us_employment_situation:20210702T1230Z"", ""bls:us_employment_situation:20180803T1230Z"", ""bls:us_employment_situation:20180907T1230Z"", ""bls:us_employment_situation:20181005T1230Z""]","[""2021-10-08T12:30:00+00:00"", ""2021-07-02T12:30:00+00:00"", ""2018-08-03T12:30:00+00:00"", ""2018-09-07T12:30:00+00:00"", ""2018-10-05T12:30:00+00:00""]","[0.5598342305988697, 1.2700304387860533, 1.28705616139358, 1.3212107609863974, 1.332501178111493]",-18.899999999999473,6.049999999999667,0.6,13.83182562064779,1.80000000000069,0.5342465753424658,27.849999999998154,False,False,False,-17.400000000000748,5.950000000001232,0.8,17.891562257108557,1.1999999999989797,0.5068493150684932,27.449999999999974,False,False,False,-15.050000000000896,9.850000000000136,0.6,19.875723886188283,0.700000000000145,0.5068493150684932,26.399999999999757,False,False,False,-8.900000000000574,-1.0500000000002174,0.4,25.517687983044045,-3.1999999999987594,0.4383561643835616,24.649999999999395,True,True,False,16.799999999999038,3.750000000000142,0.6,27.541143767098564,-3.9999999999995595,0.4520547945205479,21.34999999999998,True,False,True
bls:us_cpi_release:20211110T1330Z,us_cpi_release,2021-11-10 13:30:00+00:00,68,5,"[""bls:us_cpi_release:20210914T1230Z"", ""bls:us_cpi_release:20211013T1230Z"", ""bls:us_cpi_release:20180913T1230Z"", ""bls:us_cpi_release:20210811T1230Z"", ""bls:us_cpi_release:20170315T1230Z""]","[""2021-09-14T12:30:00+00:00"", ""2021-10-13T12:30:00+00:00"", ""2018-09-13T12:30:00+00:00"", ""2021-08-11T12:30:00+00:00"", ""2017-03-15T12:30:00+00:00""]","[0.7478316886526193, 0.82459704592637, 1.3466257536484048, 1.347137810206385, 1.4306502835468091]",-21.599999999999397,10.850000000000026,0.8,9.008273974519032,0.34999999999896225,0.5147058823529411,0.5000000000010552,False,False,False,-15.14999999999933,16.35000000000053,0.6,15.147541054574111,3.4999999999996145,0.5294117647058824,-1.7500000000003624,False,False,True,-7.6499999999990465,19.199999999999218,0.6,23.775861708884054,1.7000000000000348,0.5441176470588235,13.299999999998313,False,False,False,6.349999999999412,22.599999999999287,0.8,27.464577185895134,-1.3249999999997986,0.47058823529411764,3.9999999999995595,True,False,True,-46.24999999999879,15.95000000000013,0.8,18.681097398172078,1.60000000000049,0.5,14.899999999999913,False,False,False
bls:us_employment_situation:20211203T1330Z,us_employment_situation,2021-12-03 13:30:00+00:00,74,5,"[""bls:us_employment_situation:20211105T1230Z"", ""bls:us_employment_situation:20211008T1230Z"", ""bls:us_employment_situation:20210702T1230Z"", ""bls:us_employment_situation:20210903T1230Z"", ""bls:us_employment_situation:20170407T1230Z""]","[""2021-11-05T12:30:00+00:00"", ""2021-10-08T12:30:00+00:00"", ""2021-07-02T12:30:00+00:00"", ""2021-09-03T12:30:00+00:00"", ""2017-04-07T12:30:00+00:00""]","[0.6656639723575063, 0.7960187790407643, 1.0495272312768071, 1.1462346863025645, 1.6281049693598932]",39.54999999999931,10.449999999999626,0.6,17.03057838125238,1.1750000000010363,0.527027027027027,10.449999999999626,True,True,True,14.049999999998786,17.699999999998273,0.8,16.28786664974857,0.4249999999994536,0.5,24.449999999998084,True,True,True,22.099999999998232,1.5999999999993797,0.8,13.467464497818712,-0.05000000000032756,0.5,9.850000000000136,True,False,True,6.9499999999989015,-1.0500000000002174,0.4,15.166423441273166,-3.249999999999087,0.43243243243243246,16.249999999999876,False,False,True,14.94999999999802,14.399999999998858,0.6,16.662364778145925,-3.3249999999995783,0.4594594594594595,16.799999999999038,True,False,True
bls:us_cpi_release:20211210T1330Z,us_cpi_release,2021-12-10 13:30:00+00:00,69,5,"[""bls:us_cpi_release:20211013T1230Z"", ""bls:us_cpi_release:20211110T1330Z"", ""bls:us_cpi_release:20210914T1230Z"", ""bls:us_cpi_release:20210811T1230Z"", ""bls:us_cpi_release:20181011T1230Z""]","[""2021-10-13T12:30:00+00:00"", ""2021-11-10T13:30:00+00:00"", ""2021-09-14T12:30:00+00:00"", ""2021-08-11T12:30:00+00:00"", ""2018-10-11T12:30:00+00:00""]","[0.8502477044380602, 1.000640542408947, 1.0503607090276728, 1.56168696807371, 1.6446635076706744]",14.700000000000824,10.850000000000026,0.8,15.342340108340249,0.2999999999997449,0.5072463768115942,0.5000000000010552,True,True,True,37.8999999999996,17.75000000000082,0.6,18.832248936332192,3.1000000000003247,0.5217391304347826,-1.7500000000003624,True,True,False,11.600000000000499,19.199999999999218,0.6,17.64247715033163,1.1999999999989797,0.5362318840579711,13.299999999998313,True,True,True,14.350000000000751,6.349999999999412,0.8,12.124165950695312,-0.9499999999995623,0.4782608695652174,6.349999999999412,True,False,True,47.95000000000105,14.899999999999913,0.8,24.81877112187417,-0.09999999999843467,0.4927536231884058,14.899999999999913,True,False,True
bls:us_employment_situation:20220107T1330Z,us_employment_situation,2022-01-07 13:30:00+00:00,75,5,"[""bls:us_employment_situation:20211203T1330Z"", ""bls:us_employment_situation:20211105T1230Z"", ""bls:us_employment_situation:20211008T1230Z"", ""bls:us_employment_situation:20210702T1230Z"", ""bls:us_employment_situation:20210903T1230Z""]","[""2021-12-03T13:30:00+00:00"", ""2021-11-05T12:30:00+00:00"", ""2021-10-08T12:30:00+00:00"", ""2021-07-02T12:30:00+00:00"", ""2021-09-03T12:30:00+00:00""]","[0.632942315870284, 0.8172480658427309, 0.8312407986817147, 1.1864436244823642, 1.3915018899806526]",20.299999999999763,10.449999999999626,0.6,20.606828965175094,1.80000000000069,0.5333333333333333,10.449999999999626,True,True,True,8.049999999999446,14.049999999998786,0.8,16.079925372960968,1.1999999999989797,0.5066666666666667,14.049999999998786,True,True,True,-2.2500000000014175,9.850000000000136,0.8,14.887934712376984,0.700000000000145,0.5066666666666667,9.850000000000136,False,False,False,22.74999999999805,6.9499999999989015,0.6,11.941674924398178,-3.1999999999987594,0.44,6.9499999999989015,True,False,True,55.84999999999951,14.94999999999802,0.8,8.700287351575973,-2.649999999999597,0.4666666666666667,14.94999999999802,True,False,True
bls:us_cpi_release:20220112T1330Z,us_cpi_release,2022-01-12 13:30:00+00:00,70,5,"[""bls:us_cpi_release:20211210T1330Z"", ""bls:us_cpi_release:20211110T1330Z"", ""bls:us_cpi_release:20210914T1230Z"", ""bls:us_cpi_release:20211013T1230Z"", ""bls:us_cpi_release:20210811T1230Z""]","[""2021-12-10T13:30:00+00:00"", ""2021-11-10T13:30:00+00:00"", ""2021-09-14T12:30:00+00:00"", ""2021-10-13T12:30:00+00:00"", ""2021-08-11T12:30:00+00:00""]","[0.7580893641599902, 0.9398881645098804, 0.9901321277541598, 1.0636313621845768, 1.6407271841915516]",-3.249999999999087,10.850000000000026,0.8,14.080461640159006,0.34999999999896225,0.5142857142857142,10.850000000000026,False,False,False,8.049999999999446,17.75000000000082,0.6,21.369777724627635,3.4999999999996145,0.5285714285714286,17.75000000000082,True,True,True,35.199999999999676,11.600000000000499,0.6,15.644123497338791,1.7000000000000348,0.5428571428571428,11.600000000000499,True,True,True,42.9999999999997,14.350000000000751,1.0,9.04427996028437,-0.7250000000003087,0.4857142857142857,14.350000000000751,True,False,True,69.2500000000007,15.95000000000013,0.8,30.903242548315017,1.60000000000049,0.5,15.95000000000013,True,True,True
bls:us_employment_situation:20220204T1330Z,us_employment_situation,2022-02-04 13:30:00+00:00,76,5,"[""bls:us_employment_situation:20220107T1330Z"", ""bls:us_employment_situation:20211203T1330Z"", ""bls:us_employment_situation:20211008T1230Z"", ""bls:us_employment_situation:20211105T1230Z"", ""bls:us_employment_situation:20210702T1230Z""]","[""2022-01-07T13:30:00+00:00"", ""2021-12-03T13:30:00+00:00"", ""2021-10-08T12:30:00+00:00"", ""2021-11-05T12:30:00+00:00"", ""2021-07-02T12:30:00+00:00""]","[0.6147166446561949, 0.9522755511526885, 0.9933089754718176, 1.1894402415520824, 1.3327878434657752]",-17.400000000000748,10.449999999999626,0.6,19.620361872299636,2.575000000000216,0.5394736842105263,20.299999999999763,False,False,False,-30.449999999999644,8.049999999999446,0.8,14.584567185899047,1.2249999999991434,0.5131578947368421,8.049999999999446,False,False,False,-35.09999999999902,9.850000000000136,0.6,15.342340108340798,-0.05000000000032756,0.5,1.5999999999993797,False,True,False,-22.400000000000198,6.9499999999989015,0.6,11.410872008746392,-3.0999999999992145,0.4473684210526316,6.9499999999989015,False,True,False,-2.4000000000001798,16.799999999999038,0.8,19.462204397241212,-1.9999999999997797,0.47368421052631576,14.94999999999802,False,True,False
bls:us_cpi_release:20220210T1330Z,us_cpi_release,2022-02-10 13:30:00+00:00,71,5,"[""bls:us_cpi_release:20211110T1330Z"", ""bls:us_cpi_release:20210914T1230Z"", ""bls:us_cpi_release:20220112T1330Z"", ""bls:us_cpi_release:20211013T1230Z"", ""bls:us_cpi_release:20211210T1330Z""]","[""2021-11-10T13:30:00+00:00"", ""2021-09-14T12:30:00+00:00"", ""2022-01-12T13:30:00+00:00"", ""2021-10-13T12:30:00+00:00"", ""2021-12-10T13:30:00+00:00""]","[0.9650397683332782, 0.9776261007394343, 0.9786697811764501, 1.1111525816681627, 1.2246875234652808]",-29.75000000000172,0.5000000000010552,0.6,13.88483345236769,0.2999999999997449,0.5070422535211268,0.5000000000010552,False,False,False,-47.300000000001226,8.049999999999446,0.6,21.097511701619894,3.8999999999989043,0.5352112676056338,8.049999999999446,False,False,False,-38.150000000001235,11.600000000000499,0.6,17.932986365911827,2.20000000000109,0.5492957746478874,11.600000000000499,False,False,False,-53.200000000002134,14.350000000000751,1.0,14.519249291888382,-0.5000000000010552,0.49295774647887325,14.350000000000751,False,True,False,36.399999999998656,15.95000000000013,0.8,39.083479886008014,3.2999999999994145,0.5070422535211268,15.95000000000013,True,True,True
bls:us_employment_situation:20220304T1330Z,us_employment_situation,2022-03-04 13:30:00+00:00,77,5,"[""bls:us_employment_situation:20220204T1330Z"", ""bls:us_employment_situation:20220107T1330Z"", ""bls:us_employment_situation:20211203T1330Z"", ""bls:us_employment_situation:20211008T1230Z"", ""bls:us_employment_situation:20211105T1230Z""]","[""2022-02-04T13:30:00+00:00"", ""2022-01-07T13:30:00+00:00"", ""2021-12-03T13:30:00+00:00"", ""2021-10-08T12:30:00+00:00"", ""2021-11-05T12:30:00+00:00""]","[1.1455172341019213, 1.1581373458914646, 1.177690900905439, 1.3034660481445066, 1.4142919775746698]",0.5999999999994898,10.449999999999626,0.6,22.424384049511612,1.80000000000069,0.5324675324675324,10.449999999999626,True,True,True,2.549999999998942,5.950000000001232,0.6,17.024464749295166,1.1999999999989797,0.5064935064935064,5.950000000001232,True,True,True,-26.250000000000995,-2.2500000000014175,0.4,19.82607878527605,-0.8000000000008001,0.4935064935064935,-2.2500000000014175,True,True,True,-22.95000000000158,-1.0500000000002174,0.4,15.142872911042419,-3.1999999999987594,0.44155844155844154,-1.0500000000002174,True,True,True,-11.050000000001337,14.94999999999802,0.6,21.57793780693583,-2.4000000000001798,0.4675324675324675,14.94999999999802,False,True,False
bls:us_cpi_release:20220310T1330Z,us_cpi_release,2022-03-10 13:30:00+00:00,72,5,"[""bls:us_cpi_release:20220210T1330Z"", ""bls:us_cpi_release:20211110T1330Z"", ""bls:us_cpi_release:20220112T1330Z"", ""bls:us_cpi_release:20210914T1230Z"", ""bls:us_cpi_release:20211210T1330Z""]","[""2022-02-10T13:30:00+00:00"", ""2021-11-10T13:30:00+00:00"", ""2022-01-12T13:30:00+00:00"", ""2021-09-14T12:30:00+00:00"", ""2021-12-10T13:30:00+00:00""]","[1.190786812627729, 1.5566280438407947, 1.5735158894382042, 1.7903319455450792, 2.0074998598777882]",11.849999999999916,-3.249999999999087,0.4,18.717120505035197,0.14999999999987246,0.5,-3.249999999999087,False,True,False,16.849999999999365,8.049999999999446,0.6,30.569550209317796,3.4999999999996145,0.5277777777777778,-13.000000000000789,True,True,False,-20.14999999999878,11.600000000000499,0.6,25.197527656498544,1.7000000000000348,0.5416666666666666,-7.6499999999990465,False,False,True,-58.65000000000009,14.350000000000751,0.8,32.83579449320588,-0.7250000000003087,0.4861111111111111,6.349999999999412,False,True,False,-83.69999999999987,36.399999999998656,0.8,39.47603070218664,5.1000000000001044,0.5138888888888888,36.399999999998656,False,False,False
bls:us_employment_situation:20220401T1230Z,us_employment_situation,2022-04-01 12:30:00+00:00,78,5,"[""bls:us_employment_situation:20220304T1330Z"", ""bls:us_employment_situation:20211203T1330Z"", ""bls:us_employment_situation:20220107T1330Z"", ""bls:us_employment_situation:20220204T1330Z"", ""bls:us_employment_situation:20211008T1230Z""]","[""2022-03-04T13:30:00+00:00"", ""2021-12-03T13:30:00+00:00"", ""2022-01-07T13:30:00+00:00"", ""2022-02-04T13:30:00+00:00"", ""2021-10-08T12:30:00+00:00""]","[0.6293320778430213, 1.1527036840457972, 1.172922293792623, 1.186672155954154, 1.3887358109267303]",-1.6499999999997073,10.449999999999626,0.8,19.058672566577183,1.2000000000000899,0.5384615384615384,0.5999999999994898,False,False,False,-5.150000000000432,5.950000000001232,0.8,15.692724428855204,1.2249999999991434,0.5128205128205128,2.549999999998942,False,False,False,2.0500000000001073,-2.2500000000014175,0.4,21.49987441823731,-1.0500000000002174,0.48717948717948717,-15.050000000000896,False,False,False,-8.449999999999847,-1.0500000000002174,0.4,17.5479457487191,-3.249999999999087,0.4358974358974359,-8.900000000000574,True,True,True,-7.300000000001194,-2.4000000000001798,0.4,24.155094700704396,-2.5249999999998884,0.46153846153846156,14.94999999999802,True,True,False
bls:us_cpi_release:20220412T1230Z,us_cpi_release,2022-04-12 12:30:00+00:00,73,5,"[""bls:us_cpi_release:20220210T1330Z"", ""bls:us_cpi_release:20220112T1330Z"", ""bls:us_cpi_release:20211210T1330Z"", ""bls:us_cpi_release:20210914T1230Z"", ""bls:us_cpi_release:20211013T1230Z""]","[""2022-02-10T13:30:00+00:00"", ""2022-01-12T13:30:00+00:00"", ""2021-12-10T13:30:00+00:00"", ""2021-09-14T12:30:00+00:00"", ""2021-10-13T12:30:00+00:00""]","[0.9654993916201066, 0.9763313751660153, 1.1566070454619182, 1.371635270251924, 1.4012448612648698]",20.449999999998525,0.5000000000010552,0.6,16.687162730674608,0.2999999999997449,0.5068493150684932,-3.249999999999087,True,True,False,15.649999999998165,8.049999999999446,0.6,30.338269561727017,3.8999999999989043,0.5342465753424658,8.049999999999446,True,True,True,34.79999999999927,11.600000000000499,0.6,25.91779311592726,1.1999999999989797,0.5342465753424658,-7.6499999999990465,True,True,False,23.299999999999432,14.350000000000751,0.8,32.86698343322748,-0.9499999999995623,0.4794520547945205,6.349999999999412,True,False,True,0.2999999999997449,36.399999999998656,1.0,20.453738044670796,3.2999999999994145,0.5068493150684932,36.399999999998656,True,True,True
bls:us_employment_situation:20220506T1230Z,us_employment_situation,2022-05-06 12:30:00+00:00,79,5,"[""bls:us_employment_situation:20220304T1330Z"", ""bls:us_employment_situation:20220401T1230Z"", ""bls:us_employment_situation:20220107T1330Z"", ""bls:us_employment_situation:20211203T1330Z"", ""bls:us_employment_situation:20220204T1330Z""]","[""2022-03-04T13:30:00+00:00"", ""2022-04-01T12:30:00+00:00"", ""2022-01-07T13:30:00+00:00"", ""2021-12-03T13:30:00+00:00"", ""2022-02-04T13:30:00+00:00""]","[1.0563871954390605, 1.1343833858079362, 1.1347890682076147, 1.1710739207982945, 1.346141439706412]",22.800000000000598,0.5999999999994898,0.6,19.694379908999377,0.5999999999994898,0.5316455696202531,0.5999999999994898,True,True,True,16.650000000000276,2.549999999998942,0.6,15.481937863199953,1.1999999999989797,0.5063291139240507,2.549999999998942,True,True,True,2.80000000000058,-2.2500000000014175,0.4,20.530401847016357,-0.8000000000008001,0.4936708860759494,-2.2500000000014175,False,False,False,7.650000000001267,-8.449999999999847,0.4,17.604363095550656,-3.2999999999994145,0.43037974683544306,-8.449999999999847,False,False,False,0.6499999999998174,-2.4000000000001798,0.4,24.588115015185842,-2.649999999999597,0.45569620253164556,-2.4000000000001798,False,False,False
bls:us_cpi_release:20220511T1230Z,us_cpi_release,2022-05-11 12:30:00+00:00,74,5,"[""bls:us_cpi_release:20220412T1230Z"", ""bls:us_cpi_release:20220112T1330Z"", ""bls:us_cpi_release:20211210T1330Z"", ""bls:us_cpi_release:20220210T1330Z"", ""bls:us_cpi_release:20211110T1330Z""]","[""2022-04-12T12:30:00+00:00"", ""2022-01-12T13:30:00+00:00"", ""2021-12-10T13:30:00+00:00"", ""2022-02-10T13:30:00+00:00"", ""2021-11-10T13:30:00+00:00""]","[0.9401861982448523, 1.089317663973719, 1.2325406429297372, 1.3407833796311415, 1.382655170179655]",-29.95000000000081,-3.249999999999087,0.4,19.60008673450211,0.34999999999896225,0.5135135135135135,11.849999999999916,True,False,False,-18.400000000000638,8.049999999999446,0.6,29.026894425687352,3.9000000000000146,0.5405405405405406,15.649999999998165,False,False,False,-19.7500000000006,11.600000000000499,0.6,27.720955971971925,1.7000000000000348,0.5405405405405406,11.600000000000499,False,False,False,9.799999999999809,14.350000000000751,0.8,32.37247905243041,-0.7250000000003087,0.4864864864864865,14.350000000000751,True,False,True,-17.899999999999583,36.399999999998656,0.8,40.59845563565178,1.7999999999995797,0.5135135135135135,36.399999999998656,False,False,False
bls:us_employment_situation:20220603T1230Z,us_employment_situation,2022-06-03 12:30:00+00:00,80,5,"[""bls:us_employment_situation:20220506T1230Z"", ""bls:us_employment_situation:20220107T1330Z"", ""bls:us_employment_situation:20211203T1330Z"", ""bls:us_employment_situation:20211105T1230Z"", ""bls:us_employment_situation:20220401T1230Z""]","[""2022-05-06T12:30:00+00:00"", ""2022-01-07T13:30:00+00:00"", ""2021-12-03T13:30:00+00:00"", ""2021-11-05T12:30:00+00:00"", ""2022-04-01T12:30:00+00:00""]","[0.6435963716544324, 0.9866573777376889, 0.9868066790422094, 1.1229860065018773, 1.1330925263607152]",3.5000000000007248,20.299999999999763,0.6,20.41951517543906,1.2000000000000899,0.5375,0.5999999999994898,True,True,True,0.9000000000014552,8.049999999999446,0.6,12.776713192366916,1.2249999999991434,0.5125,2.549999999998942,True,True,True,-23.899999999998922,2.0500000000001073,0.6,11.944814774620593,-0.05000000000032756,0.5,-2.2500000000014175,False,True,True,-2.4000000000001798,6.9499999999989015,0.6,11.789826122551093,-3.249999999999087,0.4375,-8.449999999999847,False,True,True,-6.749999999999812,14.94999999999802,0.8,21.762798533277042,-2.5249999999998884,0.4625,-2.4000000000001798,False,True,True
bls:us_cpi_release:20220610T1230Z,us_cpi_release,2022-06-10 12:30:00+00:00,75,5,"[""bls:us_cpi_release:20220310T1330Z"", ""bls:us_cpi_release:20220210T1330Z"", ""bls:us_cpi_release:20220511T1230Z"", ""bls:us_cpi_release:20220112T1330Z"", ""bls:us_cpi_release:20211110T1330Z""]","[""2022-03-10T13:30:00+00:00"", ""2022-02-10T13:30:00+00:00"", ""2022-05-11T12:30:00+00:00"", ""2022-01-12T13:30:00+00:00"", ""2021-11-10T13:30:00+00:00""]","[1.1107555848076607, 1.1173912252909617, 1.1618348585319065, 1.3658406366594098, 1.369954055104868]",-34.89999999999993,-21.599999999999397,0.2,16.386286949764337,0.2999999999997449,0.5066666666666667,-3.249999999999087,True,False,True,-38.49999999999909,-15.14999999999933,0.4,22.485626520068486,3.8999999999989043,0.5333333333333333,8.049999999999446,True,False,False,-27.15000000000023,-19.7500000000006,0.2,24.653681266699426,1.1999999999989797,0.5333333333333333,-19.7500000000006,True,False,True,-45.25000000000112,6.349999999999412,0.6,39.24274964882081,-0.5000000000010552,0.49333333333333335,9.799999999999809,False,True,False,-69.04999999999939,-17.899999999999583,0.4,55.18970374988413,0.2999999999997449,0.5066666666666667,0.2999999999997449,True,False,False
bls:us_employment_situation:20220708T1230Z,us_employment_situation,2022-07-08 12:30:00+00:00,81,5,"[""bls:us_employment_situation:20220603T1230Z"", ""bls:us_employment_situation:20220506T1230Z"", ""bls:us_employment_situation:20220107T1330Z"", ""bls:us_employment_situation:20220204T1330Z"", ""bls:us_employment_situation:20211203T1330Z""]","[""2022-06-03T12:30:00+00:00"", ""2022-05-06T12:30:00+00:00"", ""2022-01-07T13:30:00+00:00"", ""2022-02-04T13:30:00+00:00"", ""2021-12-03T13:30:00+00:00""]","[0.6573550689858048, 0.8509695346278399, 0.9577785717249118, 1.0831943744790709, 1.1405156548495154]",-29.7499999999995,20.299999999999763,0.8,19.317505014882247,1.80000000000069,0.5432098765432098,0.5999999999994898,False,False,False,-2.20000000000109,8.049999999999446,0.8,17.032392668089507,1.1999999999989797,0.5185185185185185,0.9000000000014552,False,False,False,-22.200000000001108,-2.2500000000014175,0.4,20.200336630857432,-0.8000000000008001,0.49382716049382713,-23.899999999998922,True,True,True,9.200000000000319,6.9499999999989015,0.6,14.835140713858673,-3.1999999999987594,0.43209876543209874,-8.449999999999847,True,False,False,5.150000000000432,0.6499999999998174,0.6,22.883234037172063,-2.649999999999597,0.4567901234567901,-6.749999999999812,True,False,False
bls:us_employment_situation:20220805T1230Z,us_employment_situation,2022-08-05 12:30:00+00:00,82,5,"[""bls:us_employment_situation:20220506T1230Z"", ""bls:us_employment_situation:20220603T1230Z"", ""bls:us_employment_situation:20220708T1230Z"", ""bls:us_employment_situation:20220304T1330Z"", ""bls:us_employment_situation:20220401T1230Z""]","[""2022-05-06T12:30:00+00:00"", ""2022-06-03T12:30:00+00:00"", ""2022-07-08T12:30:00+00:00"", ""2022-03-04T13:30:00+00:00"", ""2022-04-01T12:30:00+00:00""]","[4.354982033898545, 4.3747619635274155, 4.387041823844041, 4.427844741660719, 4.440724341013459]",-61.39999999999812,0.5999999999994898,0.6,16.82964646093318,1.2000000000000899,0.5365853658536586,0.5999999999994898,False,False,False,-51.04999999999915,0.9000000000014552,0.6,7.528412847340666,1.0500000000002174,0.5121951219512195,0.9000000000014552,False,False,False,-58.59999999999976,-22.200000000001108,0.4,13.068320473573063,-1.0500000000002174,0.4878048780487805,-22.200000000001108,True,True,True,-77.14999999999915,-2.4000000000001798,0.4,11.743653605246502,-3.0999999999992145,0.43902439024390244,-2.4000000000001798,True,True,True,-61.19999999999903,-6.749999999999812,0.4,5.889006707417346,-2.5249999999998884,0.4634146341463415,-6.749999999999812,True,True,True
bls:us_cpi_release:20220810T1230Z,us_cpi_release,2022-08-10 12:30:00+00:00,76,5,"[""bls:us_cpi_release:20220511T1230Z"", ""bls:us_cpi_release:20220412T1230Z"", ""bls:us_cpi_release:20211210T1330Z"", ""bls:us_cpi_release:20220112T1330Z"", ""bls:us_cpi_release:20180810T1230Z""]","[""2022-05-11T12:30:00+00:00"", ""2022-04-12T12:30:00+00:00"", ""2021-12-10T13:30:00+00:00"", ""2022-01-12T13:30:00+00:00"", ""2018-08-10T12:30:00+00:00""]","[4.580493098693483, 4.629868123734695, 4.668238940343647, 4.701787906176352, 4.763868059412412]",71.84999999999997,-0.2999999999997449,0.4,17.55792128926432,0.14999999999987246,0.5,-29.75000000000172,False,True,False,62.950000000001616,8.049999999999446,0.6,19.06749590271342,3.4999999999996145,0.5263157894736842,-18.400000000000638,True,True,False,93.05000000000118,11.600000000000499,0.6,21.398892494706214,0.8249999999987434,0.5263157894736842,-20.14999999999878,True,True,False,75.80000000000142,14.350000000000751,0.8,25.939032364373233,-0.7250000000003087,0.4868421052631579,-45.25000000000112,True,False,False,77.45000000000113,0.2999999999997449,0.6,41.256182566980385,0.10000000000065512,0.5,-17.899999999999583,True,True,False
bls:us_cpi_release:20220913T1230Z,us_cpi_release,2022-09-13 12:30:00+00:00,77,5,"[""bls:us_cpi_release:20220810T1230Z"", ""bls:us_cpi_release:20220511T1230Z"", ""bls:us_cpi_release:20220412T1230Z"", ""bls:us_cpi_release:20220112T1330Z"", ""bls:us_cpi_release:20211210T1330Z""]","[""2022-08-10T12:30:00+00:00"", ""2022-05-11T12:30:00+00:00"", ""2022-04-12T12:30:00+00:00"", ""2022-01-12T13:30:00+00:00"", ""2021-12-10T13:30:00+00:00""]","[1.3302833901749502, 1.6000449359203952, 1.7634127563145496, 1.9338642966096318, 1.9728716036093426]",-69.74999999999953,14.700000000000824,0.6,33.511168287602324,0.2999999999997449,0.5064935064935064,11.849999999999916,False,False,False,-87.64999999999911,15.649999999998165,0.8,27.545718360573595,3.8999999999989043,0.5324675324675324,15.649999999998165,False,False,False,-117.44999999999894,34.79999999999927,0.8,36.97080740259855,1.1999999999989797,0.5324675324675324,-19.7500000000006,False,False,True,-146.04999999999978,23.299999999999432,1.0,24.131638982879327,-0.5000000000010552,0.4935064935064935,9.799999999999809,False,True,False,-173.1499999999997,47.95000000000105,0.8,37.800600524330676,0.2999999999997449,0.5064935064935064,-17.899999999999583,False,False,True
bls:us_employment_situation:20221007T1230Z,us_employment_situation,2022-10-07 12:30:00+00:00,83,5,"[""bls:us_employment_situation:20220805T1230Z"", ""bls:us_employment_situation:20220506T1230Z"", ""bls:us_employment_situation:20220304T1330Z"", ""bls:us_employment_situation:20220603T1230Z"", ""bls:us_employment_situation:20220401T1230Z""]","[""2022-08-05T12:30:00+00:00"", ""2022-05-06T12:30:00+00:00"", ""2022-03-04T13:30:00+00:00"", ""2022-06-03T12:30:00+00:00"", ""2022-04-01T12:30:00+00:00""]","[2.2528903212753253, 3.4122918116929974, 3.4993182216882404, 3.510717027230345, 3.540023640421614]",-37.09999999999991,0.5999999999994898,0.6,28.438593495459102,0.5999999999994898,0.5301204819277109,-1.6499999999997073,False,False,True,-28.599999999999735,0.9000000000014552,0.6,23.050023861158756,0.9000000000014552,0.5060240963855421,-2.20000000000109,False,False,True,-49.59999999999964,-23.899999999998922,0.4,22.570923773740493,-1.2999999999996348,0.4819277108433735,-22.200000000001108,True,True,True,-41.14999999999979,-8.449999999999847,0.2,29.934368207797473,-3.1999999999987594,0.43373493975903615,-2.4000000000001798,True,True,True,-37.74999999999972,-7.300000000001194,0.2,22.359038440862665,-2.649999999999597,0.4578313253012048,-6.749999999999812,True,True,True
bls:us_cpi_release:20221013T1230Z,us_cpi_release,2022-10-13 12:30:00+00:00,78,5,"[""bls:us_cpi_release:20220913T1230Z"", ""bls:us_cpi_release:20220810T1230Z"", ""bls:us_cpi_release:20220511T1230Z"", ""bls:us_cpi_release:20220412T1230Z"", ""bls:us_cpi_release:20211210T1330Z""]","[""2022-09-13T12:30:00+00:00"", ""2022-08-10T12:30:00+00:00"", ""2022-05-11T12:30:00+00:00"", ""2022-04-12T12:30:00+00:00"", ""2021-12-10T13:30:00+00:00""]","[1.5566677675681695, 1.7945462503514515, 2.453712403771648, 2.570955266220781, 2.6570817080335773]",-85.60000000000012,14.700000000000824,0.6,48.05855178841731,0.14999999999987246,0.5,-29.95000000000081,False,False,True,-95.69999999999968,15.649999999998165,0.6,52.23653319277608,3.4999999999996145,0.5256410256410257,-18.400000000000638,False,False,True,-88.8500000000003,11.600000000000499,0.6,69.5520740165237,0.8249999999987434,0.5256410256410257,-19.7500000000006,False,False,True,-73.79999999999941,14.350000000000751,0.8,74.58837308857214,-0.7250000000003087,0.48717948717948717,9.799999999999809,False,True,False,38.5000000000002,0.2999999999997449,0.6,86.88498489382411,0.10000000000065512,0.5,-17.899999999999583,True,True,False
bls:us_employment_situation:20221104T1230Z,us_employment_situation,2022-11-04 12:30:00+00:00,84,5,"[""bls:us_employment_situation:20221007T1230Z"", ""bls:us_employment_situation:20220805T1230Z"", ""bls:us_employment_situation:20220506T1230Z"", ""bls:us_employment_situation:20220304T1330Z"", ""bls:us_employment_situation:20220708T1230Z""]","[""2022-10-07T12:30:00+00:00"", ""2022-08-05T12:30:00+00:00"", ""2022-05-06T12:30:00+00:00"", ""2022-03-04T13:30:00+00:00"", ""2022-07-08T12:30:00+00:00""]","[1.3812323565850446, 1.700173780291057, 2.1915597224686763, 2.238699976780471, 2.250777579947783]",-30.799999999999716,-29.7499999999995,0.4,29.505687587310575,0.5750000000004363,0.5238095238095238,-29.7499999999995,True,False,True,-11.899999999999133,-2.20000000000109,0.4,24.197615585011214,0.27500000000069136,0.5,-2.20000000000109,True,False,True,10.950000000000681,-26.250000000000995,0.2,21.67901289265719,-1.40000000000029,0.47619047619047616,-23.899999999998922,False,False,False,80.4500000000008,-22.95000000000158,0.4,32.31172542591931,-3.249999999999087,0.42857142857142855,-2.4000000000001798,False,False,False,122.30000000000074,-11.050000000001337,0.4,25.091919017882635,-3.3249999999995783,0.4523809523809524,-6.749999999999812,False,False,False
bls:us_cpi_release:20221110T1330Z,us_cpi_release,2022-11-10 13:30:00+00:00,79,5,"[""bls:us_cpi_release:20221013T1230Z"", ""bls:us_cpi_release:20220913T1230Z"", ""bls:us_cpi_release:20220610T1230Z"", ""bls:us_cpi_release:20220511T1230Z"", ""bls:us_cpi_release:20220412T1230Z""]","[""2022-10-13T12:30:00+00:00"", ""2022-09-13T12:30:00+00:00"", ""2022-06-10T12:30:00+00:00"", ""2022-05-11T12:30:00+00:00"", ""2022-04-12T12:30:00+00:00""]","[1.2967603595189365, 1.7360812739581475, 2.098025805474764, 2.1066150387766043, 2.1659642590889145]",102.95000000000054,-34.89999999999993,0.2,36.73043696990219,0.0,0.4936708860759494,-34.89999999999993,False,False,False,126.24999999999997,-38.49999999999909,0.2,41.9945544088746,3.1000000000003247,0.5189873417721519,-38.49999999999909,False,True,False,161.09999999999957,-27.15000000000023,0.2,53.82813019230692,0.44999999999850715,0.5189873417721519,-27.15000000000023,False,True,False,185.89999999999995,-45.25000000000112,0.4,61.15347087451345,-0.9499999999995623,0.4810126582278481,-45.25000000000112,False,False,False,199.90000000000063,-17.899999999999583,0.4,73.1530409484116,0.2999999999997449,0.5063291139240507,-17.899999999999583,False,True,False
bls:us_employment_situation:20221202T1330Z,us_employment_situation,2022-12-02 13:30:00+00:00,85,5,"[""bls:us_employment_situation:20221104T1230Z"", ""bls:us_employment_situation:20220805T1230Z"", ""bls:us_employment_situation:20221007T1230Z"", ""bls:us_employment_situation:20220506T1230Z"", ""bls:us_employment_situation:20220304T1330Z""]","[""2022-11-04T12:30:00+00:00"", ""2022-08-05T12:30:00+00:00"", ""2022-10-07T12:30:00+00:00"", ""2022-05-06T12:30:00+00:00"", ""2022-03-04T13:30:00+00:00""]","[0.4421680795565949, 1.1499871916477309, 1.1689066318648853, 1.3914830338902042, 1.5028340180392932]",-63.69999999999987,-30.799999999999716,0.4,29.571093993966038,0.5500000000013827,0.5176470588235295,-30.799999999999716,True,False,True,-87.04999999999963,-11.899999999999133,0.4,23.674851636282394,-0.3500000000000725,0.49411764705882355,-11.899999999999133,True,True,True,-89.0000000000013,-26.250000000000995,0.4,27.558036940246847,-1.2999999999996348,0.4823529411764706,-23.899999999998922,True,True,True,-54.6000000000002,-22.95000000000158,0.4,53.17497155617501,-3.1999999999987594,0.43529411764705883,-2.4000000000001798,True,True,True,-7.150000000000212,-11.050000000001337,0.4,63.58738396883468,-2.649999999999597,0.4588235294117647,-6.749999999999812,True,True,True
bls:us_cpi_release:20221213T1330Z,us_cpi_release,2022-12-13 13:30:00+00:00,80,5,"[""bls:us_cpi_release:20220913T1230Z"", ""bls:us_cpi_release:20221110T1330Z"", ""bls:us_cpi_release:20221013T1230Z"", ""bls:us_cpi_release:20220511T1230Z"", ""bls:us_cpi_release:20220412T1230Z""]","[""2022-09-13T12:30:00+00:00"", ""2022-11-10T13:30:00+00:00"", ""2022-10-13T12:30:00+00:00"", ""2022-05-11T12:30:00+00:00"", ""2022-04-12T12:30:00+00:00""]","[1.3975072959550385, 1.4850445118556725, 1.6200014381008072, 2.0876553684180976, 2.182677314133076]",67.59999999999877,-29.95000000000081,0.4,68.32277511928218,0.14999999999987246,0.5,-34.89999999999993,False,True,False,56.700000000000635,-18.400000000000638,0.4,80.80489217862952,3.4999999999996145,0.525,-38.49999999999909,False,True,False,87.29999999999905,-19.7500000000006,0.4,99.05688567686714,0.8249999999987434,0.525,-27.15000000000023,False,True,False,103.45000000000049,9.799999999999809,0.6,111.33250917858611,-0.7250000000003087,0.4875,-45.25000000000112,True,False,False,66.59999999999889,0.2999999999997449,0.6,119.40651406016349,1.7999999999995797,0.5125,38.5000000000002,True,True,True
bls:us_employment_situation:20230106T1330Z,us_employment_situation,2023-01-06 13:30:00+00:00,86,5,"[""bls:us_employment_situation:20221202T1330Z"", ""bls:us_employment_situation:20221104T1230Z"", ""bls:us_employment_situation:20220805T1230Z"", ""bls:us_employment_situation:20221007T1230Z"", ""bls:us_employment_situation:20220603T1230Z""]","[""2022-12-02T13:30:00+00:00"", ""2022-11-04T12:30:00+00:00"", ""2022-08-05T12:30:00+00:00"", ""2022-10-07T12:30:00+00:00"", ""2022-06-03T12:30:00+00:00""]","[0.5452130002030906, 0.7999243284097624, 1.2552367124396961, 1.317433941166645, 1.4066580568593254]",15.800000000001369,-37.09999999999991,0.2,24.424987205728357,0.5000000000010552,0.5116279069767442,-37.09999999999991,False,True,False,17.650000000000166,-28.599999999999735,0.2,31.07644445556823,-0.6500000000009276,0.4883720930232558,-28.599999999999735,False,False,False,28.799999999999937,-49.59999999999964,0.2,33.6856883557401,-1.40000000000029,0.47674418604651164,-49.59999999999964,False,False,False,25.200000000000777,-41.14999999999979,0.2,55.32678013403646,-3.249999999999087,0.43023255813953487,-41.14999999999979,False,False,False,126.65000000000148,-7.150000000000212,0.2,63.57140394863092,-3.3249999999995783,0.45348837209302323,-7.150000000000212,False,False,False
bls:us_cpi_release:20230112T1330Z,us_cpi_release,2023-01-12 13:30:00+00:00,81,5,"[""bls:us_cpi_release:20221213T1330Z"", ""bls:us_cpi_release:20220310T1330Z"", ""bls:us_cpi_release:20220913T1230Z"", ""bls:us_cpi_release:20170914T1230Z"", ""bls:us_cpi_release:20200311T1230Z""]","[""2022-12-13T13:30:00+00:00"", ""2022-03-10T13:30:00+00:00"", ""2022-09-13T12:30:00+00:00"", ""2017-09-14T12:30:00+00:00"", ""2020-03-11T12:30:00+00:00""]","[3.4118497272552943, 4.2229425765053925, 4.257413933000149, 4.3177889638180895, 4.31989453502613]",-38.14999999999902,-1.6499999999997073,0.4,47.64985834186645,0.2999999999997449,0.5061728395061729,67.59999999999877,True,False,False,27.650000000001285,-4.900000000001015,0.4,48.69173030402569,3.8999999999989043,0.5308641975308642,56.700000000000635,False,True,True,-8.60000000000083,-20.14999999999878,0.4,65.40009938830295,1.1999999999989797,0.5308641975308642,87.29999999999905,True,False,False,36.19999999999956,-19.3500000000002,0.2,80.5658265023081,-0.5000000000010552,0.49382716049382713,75.80000000000142,False,False,True,53.14999999999959,-72.95000000000051,0.2,79.39053218111036,3.2999999999994145,0.5185185185185185,66.59999999999889,False,True,True
bls:us_employment_situation:20230203T1330Z,us_employment_situation,2023-02-03 13:30:00+00:00,87,5,"[""bls:us_employment_situation:20230106T1330Z"", ""bls:us_employment_situation:20221202T1330Z"", ""bls:us_employment_situation:20221104T1230Z"", ""bls:us_employment_situation:20220805T1230Z"", ""bls:us_employment_situation:20220708T1230Z""]","[""2023-01-06T13:30:00+00:00"", ""2022-12-02T13:30:00+00:00"", ""2022-11-04T12:30:00+00:00"", ""2022-08-05T12:30:00+00:00"", ""2022-07-08T12:30:00+00:00""]","[0.5615979221556086, 0.6682087455727488, 0.7341056171754696, 1.1839605595867515, 1.1986624181520784]",-65.8000000000003,-30.799999999999716,0.2,28.779117429136118,0.5500000000013827,0.5172413793103449,-37.09999999999991,True,False,True,-63.54999999999888,-11.899999999999133,0.2,37.47275543644983,-0.3500000000000725,0.4942528735632184,-28.599999999999735,True,True,True,-81.35000000000002,-22.200000000001108,0.4,43.39249243820913,-1.2999999999996348,0.4827586206896552,-49.59999999999964,True,True,True,-76.19999999999959,9.200000000000319,0.6,56.68869905016357,-3.1999999999987594,0.4367816091954023,-41.14999999999979,False,True,True,-96.750000000001,5.150000000000432,0.6,74.72614669578539,-2.649999999999597,0.45977011494252873,-7.150000000000212,False,True,True
bls:us_cpi_release:20230214T1330Z,us_cpi_release,2023-02-14 13:30:00+00:00,82,5,"[""bls:us_cpi_release:20221110T1330Z"", ""bls:us_cpi_release:20221013T1230Z"", ""bls:us_cpi_release:20220913T1230Z"", ""bls:us_cpi_release:20220511T1230Z"", ""bls:us_cpi_release:20220412T1230Z""]","[""2022-11-10T13:30:00+00:00"", ""2022-10-13T12:30:00+00:00"", ""2022-09-13T12:30:00+00:00"", ""2022-05-11T12:30:00+00:00"", ""2022-04-12T12:30:00+00:00""]","[0.7927494221799009, 1.2563696038736152, 1.2814382147281835, 1.3808067646636994, 1.4482567802942463]",-22.500000000000853,-29.95000000000081,0.4,68.32277511928218,0.14999999999987246,0.5,-38.14999999999902,True,False,True,30.49999999999997,-18.400000000000638,0.4,80.80489217862952,3.9000000000000146,0.5365853658536586,27.650000000001285,False,True,True,4.699999999999704,-19.7500000000006,0.4,99.05688567686714,0.8249999999987434,0.524390243902439,-8.60000000000083,False,True,False,-31.55000000000019,9.799999999999809,0.6,111.33250917858611,1.0999999999994348,0.5,36.19999999999956,False,False,False,-34.20000000000201,0.2999999999997449,0.6,119.40651406016349,5.1000000000001044,0.524390243902439,53.14999999999959,False,False,False
bls:us_employment_situation:20230310T1330Z,us_employment_situation,2023-03-10 13:30:00+00:00,88,5,"[""bls:us_employment_situation:20230106T1330Z"", ""bls:us_employment_situation:20221202T1330Z"", ""bls:us_employment_situation:20230203T1330Z"", ""bls:us_employment_situation:20221104T1230Z"", ""bls:us_employment_situation:20220805T1230Z""]","[""2023-01-06T13:30:00+00:00"", ""2022-12-02T13:30:00+00:00"", ""2023-02-03T13:30:00+00:00"", ""2022-11-04T12:30:00+00:00"", ""2022-08-05T12:30:00+00:00""]","[0.6182808350845935, 0.6439406444499214, 0.7542164214867727, 0.7889700509211516, 1.030290247906092]",33.149999999999565,-61.39999999999812,0.2,31.23013928883473,0.5000000000010552,0.5113636363636364,-37.09999999999991,False,True,False,34.250000000000114,-51.04999999999915,0.2,37.417049589725686,-0.6500000000009276,0.48863636363636365,-28.599999999999735,False,False,False,43.75000000000018,-58.59999999999976,0.4,48.503189585841014,-1.40000000000029,0.4772727272727273,-49.59999999999964,False,False,False,57.000000000000384,-54.6000000000002,0.4,62.85524162709122,-3.249999999999087,0.4318181818181818,-41.14999999999979,False,False,False,71.04999999999917,-7.150000000000212,0.4,92.46455861572105,-3.3249999999995783,0.45454545454545453,-7.150000000000212,False,False,False
bls:us_cpi_release:20230314T1230Z,us_cpi_release,2023-03-14 12:30:00+00:00,83,5,"[""bls:us_cpi_release:20230214T1330Z"", ""bls:us_cpi_release:20221110T1330Z"", ""bls:us_cpi_release:20221013T1230Z"", ""bls:us_cpi_release:20220511T1230Z"", ""bls:us_cpi_release:20220913T1230Z""]","[""2023-02-14T13:30:00+00:00"", ""2022-11-10T13:30:00+00:00"", ""2022-10-13T12:30:00+00:00"", ""2022-05-11T12:30:00+00:00"", ""2022-09-13T12:30:00+00:00""]","[0.5737540089887281, 0.8639789663467379, 1.1532683518187106, 1.1941657440120117, 1.2007394780426284]",14.250000000000096,-29.95000000000081,0.2,66.32597228838809,0.0,0.4939759036144578,-22.500000000000853,False,False,False,-12.950000000000461,-18.400000000000638,0.4,82.02912287718284,3.900000000001125,0.5421686746987951,30.49999999999997,True,False,False,0.7499999999982521,-19.7500000000006,0.4,97.29149500341711,1.1999999999989797,0.5301204819277109,4.699999999999704,False,True,True,2.0500000000001073,-31.55000000000019,0.4,111.18165046445375,-0.5000000000010552,0.4939759036144578,36.19999999999956,False,False,True,-10.050000000001447,-17.899999999999583,0.4,120.72998633313954,3.2999999999994145,0.5180722891566265,53.14999999999959,True,False,False
bls:us_cpi_release:20230412T1230Z,us_cpi_release,2023-04-12 12:30:00+00:00,84,5,"[""bls:us_cpi_release:20230314T1230Z"", ""bls:us_cpi_release:20230214T1330Z"", ""bls:us_cpi_release:20221110T1330Z"", ""bls:us_cpi_release:20220511T1230Z"", ""bls:us_cpi_release:20221013T1230Z""]","[""2023-03-14T12:30:00+00:00"", ""2023-02-14T13:30:00+00:00"", ""2022-11-10T13:30:00+00:00"", ""2022-05-11T12:30:00+00:00"", ""2022-10-13T12:30:00+00:00""]","[0.41763918397027106, 0.7287785498280825, 1.009650998757251, 1.1624418946690338, 1.2131843721786644]",43.349999999999774,-22.500000000000853,0.4,62.362541641597986,0.14999999999987246,0.5,14.250000000000096,False,True,True,61.49999999999878,-12.950000000000461,0.4,72.60529870470884,3.9000000000000146,0.5357142857142857,30.49999999999997,False,True,True,48.49999999999799,0.7499999999982521,0.6,81.96170691243566,0.9749999999986159,0.5357142857142857,4.699999999999704,True,True,True,54.44999999999922,2.0500000000001073,0.6,88.76186455905474,0.7749999999995261,0.5,36.19999999999956,True,True,True,69.44999999999979,-10.050000000001447,0.4,85.81433446691825,1.7999999999995797,0.5119047619047619,53.14999999999959,False,True,True
bls:us_employment_situation:20230505T1230Z,us_employment_situation,2023-05-05 12:30:00+00:00,89,5,"[""bls:us_employment_situation:20230106T1330Z"", ""bls:us_employment_situation:20230203T1330Z"", ""bls:us_employment_situation:20230310T1330Z"", ""bls:us_employment_situation:20221202T1330Z"", ""bls:us_employment_situation:20221104T1230Z""]","[""2023-01-06T13:30:00+00:00"", ""2023-02-03T13:30:00+00:00"", ""2023-03-10T13:30:00+00:00"", ""2022-12-02T13:30:00+00:00"", ""2022-11-04T12:30:00+00:00""]","[0.7853916207063016, 0.8904719130600147, 1.0193696315841512, 1.1795890080345166, 1.2941714441437941]",-30.35000000000121,-30.799999999999716,0.4,40.5086854884235,0.5500000000013827,0.5168539325842697,-30.799999999999716,True,False,True,-21.94999999999947,-11.899999999999133,0.4,46.467252985301165,-0.3500000000000725,0.4943820224719101,-11.899999999999133,True,True,True,-39.85000000000127,10.950000000000681,0.6,56.380214614703696,-1.2999999999996348,0.48314606741573035,10.950000000000681,False,True,False,-26.699999999999502,25.200000000000777,0.6,61.548286734888315,-3.1999999999987594,0.43820224719101125,25.200000000000777,False,True,False,9.699999999999154,71.04999999999917,0.6,84.99112659566364,-2.649999999999597,0.4606741573033708,71.04999999999917,True,False,True
bls:us_cpi_release:20230510T1230Z,us_cpi_release,2023-05-10 12:30:00+00:00,85,5,"[""bls:us_cpi_release:20230314T1230Z"", ""bls:us_cpi_release:20230412T1230Z"", ""bls:us_cpi_release:20230214T1330Z"", ""bls:us_cpi_release:20221110T1330Z"", ""bls:us_cpi_release:20220913T1230Z""]","[""2023-03-14T12:30:00+00:00"", ""2023-04-12T12:30:00+00:00"", ""2023-02-14T13:30:00+00:00"", ""2022-11-10T13:30:00+00:00"", ""2022-09-13T12:30:00+00:00""]","[0.6118211131342665, 0.686737038424562, 0.7357868764130455, 0.9926308920019783, 1.2524077231399766]",28.29999999999888,14.250000000000096,0.6,58.51379666369303,0.2999999999997449,0.5058823529411764,14.250000000000096,True,True,True,30.69999999999906,30.49999999999997,0.6,71.74048090164958,3.900000000001125,0.5411764705882353,30.49999999999997,True,True,True,48.60000000000086,4.699999999999704,0.8,89.6855205704907,1.1999999999989797,0.5411764705882353,4.699999999999704,True,True,True,38.24999999999967,2.0500000000001073,0.6,108.64070323778272,2.0500000000001073,0.5058823529411764,36.19999999999956,True,True,True,26.850000000000485,-10.050000000001447,0.4,122.87808348114838,3.2999999999994145,0.5176470588235295,53.14999999999959,False,True,True
bls:us_employment_situation:20230602T1230Z,us_employment_situation,2023-06-02 12:30:00+00:00,90,5,"[""bls:us_employment_situation:20230106T1330Z"", ""bls:us_employment_situation:20230203T1330Z"", ""bls:us_employment_situation:20230310T1330Z"", ""bls:us_employment_situation:20221202T1330Z"", ""bls:us_employment_situation:20230505T1230Z""]","[""2023-01-06T13:30:00+00:00"", ""2023-02-03T13:30:00+00:00"", ""2023-03-10T13:30:00+00:00"", ""2022-12-02T13:30:00+00:00"", ""2023-05-05T12:30:00+00:00""]","[0.7260842580422544, 0.7562848056184298, 0.7728864041028722, 0.8317348114695913, 0.888914762517631]",-9.200000000000319,-30.35000000000121,0.4,40.49012966143747,0.5000000000010552,0.5111111111111111,-30.35000000000121,True,False,True,-5.649999999999267,-21.94999999999947,0.4,46.19828568247938,-0.6500000000009276,0.4888888888888889,-21.94999999999947,True,True,True,-15.100000000001224,-39.85000000000127,0.4,54.91965586199573,-1.40000000000029,0.4777777777777778,-39.85000000000127,True,True,True,4.150000000000542,-26.699999999999502,0.4,49.49850906845594,-3.249999999999087,0.43333333333333335,-26.699999999999502,False,False,False,-49.55000000000042,9.699999999999154,0.6,75.43427602887232,-2.5249999999998884,0.4666666666666667,9.699999999999154,False,True,False
bls:us_cpi_release:20230613T1230Z,us_cpi_release,2023-06-13 12:30:00+00:00,86,5,"[""bls:us_cpi_release:20230510T1230Z"", ""bls:us_cpi_release:20230214T1330Z"", ""bls:us_cpi_release:20230314T1230Z"", ""bls:us_cpi_release:20220913T1230Z"", ""bls:us_cpi_release:20221110T1330Z""]","[""2023-05-10T12:30:00+00:00"", ""2023-02-14T13:30:00+00:00"", ""2023-03-14T12:30:00+00:00"", ""2022-09-13T12:30:00+00:00"", ""2022-11-10T13:30:00+00:00""]","[0.9136242969734528, 1.1068431448942122, 1.1687948026614983, 1.2506360926281035, 1.3564428417229288]",19.450000000000855,14.250000000000096,0.6,57.28325235180007,0.34999999999896225,0.5116279069767442,14.250000000000096,True,True,True,24.249999999998995,30.49999999999997,0.6,69.50315532405678,4.300000000000415,0.5465116279069767,30.49999999999997,True,True,True,20.599999999999508,4.699999999999704,0.8,89.69199183873633,1.7000000000000348,0.5465116279069767,4.699999999999704,True,True,True,9.449999999999736,2.0500000000001073,0.6,107.59153126524402,2.375000000000016,0.5116279069767442,36.19999999999956,True,True,True,2.649999999999597,-10.050000000001447,0.4,119.92915658837958,5.1000000000001044,0.5232558139534884,26.850000000000485,False,True,True
bls:us_employment_situation:20230707T1230Z,us_employment_situation,2023-07-07 12:30:00+00:00,91,5,"[""bls:us_employment_situation:20230602T1230Z"", ""bls:us_employment_situation:20230310T1330Z"", ""bls:us_employment_situation:20221202T1330Z"", ""bls:us_employment_situation:20221007T1230Z"", ""bls:us_employment_situation:20230106T1330Z""]","[""2023-06-02T12:30:00+00:00"", ""2023-03-10T13:30:00+00:00"", ""2022-12-02T13:30:00+00:00"", ""2022-10-07T12:30:00+00:00"", ""2023-01-06T13:30:00+00:00""]","[1.107116248859442, 1.2011562496083334, 1.247342415443197, 1.325885757036748, 1.3715790563752486]",12.150000000001882,-9.200000000000319,0.4,34.991090294530736,0.4500000000007276,0.5054945054945055,-9.200000000000319,False,True,False,34.35000000000077,-5.649999999999267,0.4,42.305786838209194,-0.9500000000017828,0.4835164835164835,-5.649999999999267,False,False,False,20.100000000000673,-15.100000000001224,0.4,49.062425541345135,-1.500000000000945,0.4725274725274725,-15.100000000001224,False,False,False,17.500000000001403,4.150000000000542,0.6,41.371664215982655,-3.1999999999987594,0.43956043956043955,4.150000000000542,True,False,True,77.50000000000145,-7.150000000000212,0.4,67.65737210385912,-2.649999999999597,0.46153846153846156,9.699999999999154,False,False,True
bls:us_employment_situation:20230804T1230Z,us_employment_situation,2023-08-04 12:30:00+00:00,92,5,"[""bls:us_employment_situation:20230602T1230Z"", ""bls:us_employment_situation:20230106T1330Z"", ""bls:us_employment_situation:20230505T1230Z"", ""bls:us_employment_situation:20230310T1330Z"", ""bls:us_employment_situation:20230203T1330Z""]","[""2023-06-02T12:30:00+00:00"", ""2023-01-06T13:30:00+00:00"", ""2023-05-05T12:30:00+00:00"", ""2023-03-10T13:30:00+00:00"", ""2023-02-03T13:30:00+00:00""]","[0.617719215520107, 0.7784942755257745, 0.8398983406099302, 0.8750088410581514, 0.8864770984314081]",22.699999999999942,-9.200000000000319,0.4,34.778651497722315,0.5000000000010552,0.5108695652173914,-9.200000000000319,False,True,False,14.050000000001006,-5.649999999999267,0.4,33.8490767968637,-0.6500000000009276,0.4891304347826087,-5.649999999999267,False,False,False,29.90000000000048,-15.100000000001224,0.4,45.529210403871694,-1.40000000000029,0.4782608695652174,-15.100000000001224,False,False,False,71.30000000000081,4.150000000000542,0.6,45.531993147675884,-3.0999999999992145,0.44565217391304346,4.150000000000542,True,False,True,87.65000000000133,9.699999999999154,0.6,80.31380703216666,-2.5249999999998884,0.4673913043478261,9.699999999999154,True,False,True
bls:us_cpi_release:20230810T1230Z,us_cpi_release,2023-08-10 12:30:00+00:00,87,5,"[""bls:us_cpi_release:20170811T1230Z"", ""bls:us_cpi_release:20150916T1230Z"", ""bls:us_cpi_release:20200311T1230Z"", ""bls:us_cpi_release:20230214T1330Z"", ""bls:us_cpi_release:20180913T1230Z""]","[""2017-08-11T12:30:00+00:00"", ""2015-09-16T12:30:00+00:00"", ""2020-03-11T12:30:00+00:00"", ""2023-02-14T13:30:00+00:00"", ""2018-09-13T12:30:00+00:00""]","[1.1122239653063397, 1.2275478288020714, 1.3209804784616264, 1.350770356495777, 1.3901539219219108]",18.199999999999328,0.3999999999981796,0.6,18.157934904609142,0.3999999999981796,0.5172413793103449,19.450000000000855,True,True,True,7.800000000000029,22.14999999999856,0.8,14.79537089768313,4.699999999999704,0.5517241379310345,30.49999999999997,True,True,True,-11.600000000000499,22.999999999999687,1.0,22.418305020674662,2.20000000000109,0.5517241379310345,20.599999999999508,False,False,False,-13.850000000001916,36.74999999999873,0.6,36.46328838708842,2.6999999999999247,0.5172413793103449,9.449999999999736,False,False,False,-18.450000000000966,51.65000000000086,0.6,57.2647919755241,3.2999999999994145,0.5287356321839081,2.649999999999597,False,False,False
bls:us_employment_situation:20230901T1230Z,us_employment_situation,2023-09-01 12:30:00+00:00,93,5,"[""bls:us_employment_situation:20230804T1230Z"", ""bls:us_employment_situation:20230602T1230Z"", ""bls:us_employment_situation:20230106T1330Z"", ""bls:us_employment_situation:20230203T1330Z"", ""bls:us_employment_situation:20230505T1230Z""]","[""2023-08-04T12:30:00+00:00"", ""2023-06-02T12:30:00+00:00"", ""2023-01-06T13:30:00+00:00"", ""2023-02-03T13:30:00+00:00"", ""2023-05-05T12:30:00+00:00""]","[0.39455122413176624, 0.7754994417183889, 0.8148772602893306, 0.8162069367272895, 0.8355690339671801]",20.5500000000014,-9.200000000000319,0.4,32.26932909125985,0.5500000000013827,0.5161290322580645,12.150000000001882,False,True,True,36.35000000000055,-5.649999999999267,0.4,29.510648925430104,-0.3500000000000725,0.4946236559139785,14.050000000001006,False,False,True,12.500000000001954,-15.100000000001224,0.4,42.31537072979534,-1.2999999999996348,0.4838709677419355,20.100000000000673,False,False,True,30.90000000000037,4.150000000000542,0.6,49.50610063416442,-2.9999999999996696,0.45161290322580644,17.500000000001403,True,False,True,-59.699999999998084,9.699999999999154,0.6,82.97607124948831,-2.4000000000001798,0.4731182795698925,71.04999999999917,False,True,False
bls:us_employment_situation:20231006T1230Z,us_employment_situation,2023-10-06 12:30:00+00:00,94,5,"[""bls:us_employment_situation:20230901T1230Z"", ""bls:us_employment_situation:20230804T1230Z"", ""bls:us_employment_situation:20230505T1230Z"", ""bls:us_employment_situation:20230106T1330Z"", ""bls:us_employment_situation:20230203T1330Z""]","[""2023-09-01T12:30:00+00:00"", ""2023-08-04T12:30:00+00:00"", ""2023-05-05T12:30:00+00:00"", ""2023-01-06T13:30:00+00:00"", ""2023-02-03T13:30:00+00:00""]","[0.5935051019973359, 0.6678648338297883, 0.8395046819057954, 0.8408384353183884, 0.8514631055128313]",-21.800000000000708,15.800000000001369,0.6,35.1075860748079,0.5750000000004363,0.5212765957446809,12.150000000001882,False,False,False,-52.84999999999984,14.050000000001006,0.6,35.46759647903966,0.27500000000069136,0.5,14.050000000001006,False,False,False,-46.34999999999945,12.500000000001954,0.6,43.7848032997756,-1.0500000000002174,0.48936170212765956,12.500000000001954,False,True,False,-43.45000000000043,25.200000000000777,0.6,51.13280747230698,-2.6999999999999247,0.4574468085106383,17.500000000001403,False,True,False,26.250000000000995,9.699999999999154,0.6,84.6509149389426,-2.5249999999998884,0.46808510638297873,9.699999999999154,True,False,True
bls:us_cpi_release:20231012T1230Z,us_cpi_release,2023-10-12 12:30:00+00:00,88,5,"[""bls:us_cpi_release:20230810T1230Z"", ""bls:us_cpi_release:20230510T1230Z"", ""bls:us_cpi_release:20230613T1230Z"", ""bls:us_cpi_release:20230412T1230Z"", ""bls:us_cpi_release:20230214T1330Z""]","[""2023-08-10T12:30:00+00:00"", ""2023-05-10T12:30:00+00:00"", ""2023-06-13T12:30:00+00:00"", ""2023-04-12T12:30:00+00:00"", ""2023-02-14T13:30:00+00:00""]","[3.1064139223246032, 8.934548995837744, 8.981060097720045, 11.87651702876592, 17.735448026990763]",-21.649999999999725,19.450000000000855,0.8,21.858897501932866,0.4499999999996174,0.5227272727272727,19.450000000000855,False,False,False,-35.60000000000007,30.49999999999997,1.0,17.403333014109325,4.750000000000032,0.5568181818181818,24.249999999998995,False,False,False,-42.750000000000284,20.599999999999508,0.8,23.832297413384154,1.7000000000000348,0.5454545454545454,20.599999999999508,False,False,False,-53.3500000000009,9.449999999999736,0.6,31.81282760145671,2.375000000000016,0.5113636363636364,9.449999999999736,False,False,False,-72.1000000000016,2.649999999999597,0.6,36.421290476863184,2.974999999999506,0.5227272727272727,2.649999999999597,False,False,False
bls:us_employment_situation:20231103T1230Z,us_employment_situation,2023-11-03 12:30:00+00:00,95,5,"[""bls:us_employment_situation:20231006T1230Z"", ""bls:us_employment_situation:20230804T1230Z"", ""bls:us_employment_situation:20230901T1230Z"", ""bls:us_employment_situation:20230707T1230Z"", ""bls:us_employment_situation:20230602T1230Z""]","[""2023-10-06T12:30:00+00:00"", ""2023-08-04T12:30:00+00:00"", ""2023-09-01T12:30:00+00:00"", ""2023-07-07T12:30:00+00:00"", ""2023-06-02T12:30:00+00:00""]","[0.5589156169085742, 1.5429136879727545, 1.5502228110695373, 3.3077028921496794, 4.488281450140218]",40.64999999999985,12.150000000001882,0.6,17.470105895501124,0.5500000000013827,0.5157894736842106,12.150000000001882,True,True,True,37.8999999999996,14.050000000001006,0.6,32.82035953489864,-0.3500000000000725,0.49473684210526314,14.050000000001006,True,False,True,54.25000000000013,12.500000000001954,0.6,27.678085193886115,-1.2999999999996348,0.4842105263157895,12.500000000001954,True,False,True,54.09999999999915,17.500000000001403,0.8,37.301589778453526,-2.9999999999996696,0.45263157894736844,17.500000000001403,True,False,True,81.99999999999984,26.250000000000995,0.6,61.72098994669504,-2.4000000000001798,0.47368421052631576,26.250000000000995,True,False,True
bls:us_cpi_release:20231114T1330Z,us_cpi_release,2023-11-14 13:30:00+00:00,89,5,"[""bls:us_cpi_release:20231012T1230Z"", ""bls:us_cpi_release:20230810T1230Z"", ""bls:us_cpi_release:20230510T1230Z"", ""bls:us_cpi_release:20230613T1230Z"", ""bls:us_cpi_release:20230412T1230Z""]","[""2023-10-12T12:30:00+00:00"", ""2023-08-10T12:30:00+00:00"", ""2023-05-10T12:30:00+00:00"", ""2023-06-13T12:30:00+00:00"", ""2023-04-12T12:30:00+00:00""]","[1.6053351046552984, 1.6381735979233623, 2.458563320976775, 2.6541547410630875, 3.0601424488157147]",52.64999999999853,19.450000000000855,0.8,21.54935265849044,0.3999999999981796,0.5168539325842697,19.450000000000855,True,True,True,62.99999999999972,24.249999999998995,0.8,31.840973603204606,4.699999999999704,0.550561797752809,24.249999999998995,True,True,True,71.4999999999999,20.599999999999508,0.6,35.49097913554927,1.1999999999989797,0.5393258426966292,20.599999999999508,True,True,True,89.29999999999882,9.449999999999736,0.6,38.23849369418228,2.0500000000001073,0.5056179775280899,9.449999999999736,True,True,True,134.4999999999996,2.649999999999597,0.6,47.065800747464756,2.649999999999597,0.5168539325842697,2.649999999999597,True,True,True
bls:us_employment_situation:20231208T1330Z,us_employment_situation,2023-12-08 13:30:00+00:00,96,5,"[""bls:us_employment_situation:20231103T1230Z"", ""bls:us_employment_situation:20230804T1230Z"", ""bls:us_employment_situation:20231006T1230Z"", ""bls:us_employment_situation:20230901T1230Z"", ""bls:us_employment_situation:20230707T1230Z""]","[""2023-11-03T12:30:00+00:00"", ""2023-08-04T12:30:00+00:00"", ""2023-10-06T12:30:00+00:00"", ""2023-09-01T12:30:00+00:00"", ""2023-07-07T12:30:00+00:00""]","[0.541977181401622, 0.8836777908437393, 0.8852771019711724, 0.9446099026738405, 2.078274508594516]",-40.599999999999525,20.5500000000014,0.8,20.543928543489677,0.5750000000004363,0.5208333333333334,20.5500000000014,False,False,False,-31.74999999999928,34.35000000000077,0.8,34.5073093706247,0.27500000000069136,0.5,34.35000000000077,False,False,False,-5.749999999999922,20.100000000000673,0.8,33.329935493486815,-1.0500000000002174,0.4895833333333333,20.100000000000673,False,True,False,-32.90000000000015,30.90000000000037,0.8,39.398573578240274,-2.6999999999999247,0.4583333333333333,30.90000000000037,False,True,False,-22.55000000000118,77.50000000000145,0.8,55.735782043494794,-1.875000000000071,0.4791666666666667,77.50000000000145,False,True,False
bls:us_cpi_release:20231212T1330Z,us_cpi_release,2023-12-12 13:30:00+00:00,90,5,"[""bls:us_cpi_release:20231114T1330Z"", ""bls:us_cpi_release:20231012T1230Z"", ""bls:us_cpi_release:20230810T1230Z"", ""bls:us_cpi_release:20230510T1230Z"", ""bls:us_cpi_release:20230613T1230Z""]","[""2023-11-14T13:30:00+00:00"", ""2023-10-12T12:30:00+00:00"", ""2023-08-10T12:30:00+00:00"", ""2023-05-10T12:30:00+00:00"", ""2023-06-13T12:30:00+00:00""]","[0.8983955147257986, 1.2481339266746991, 1.5179990084362054, 2.326978144579109, 2.6028944904939975]",6.300000000001305,19.450000000000855,0.8,23.96379352272866,0.4499999999996174,0.5222222222222223,19.450000000000855,True,True,True,-8.199999999998209,24.249999999998995,0.8,32.25631101040522,4.750000000000032,0.5555555555555556,24.249999999998995,False,False,False,-24.449999999998084,20.599999999999508,0.6,40.91314703124193,1.7000000000000348,0.5444444444444444,20.599999999999508,False,False,False,-26.100000000000012,9.449999999999736,0.6,48.14663435796948,2.375000000000016,0.5111111111111111,9.449999999999736,False,False,False,-15.34999999999842,2.649999999999597,0.6,68.23199689295377,2.974999999999506,0.5222222222222223,2.649999999999597,False,False,False
bls:us_employment_situation:20240105T1330Z,us_employment_situation,2024-01-05 13:30:00+00:00,97,5,"[""bls:us_employment_situation:20231103T1230Z"", ""bls:us_employment_situation:20231006T1230Z"", ""bls:us_employment_situation:20231208T1330Z"", ""bls:us_employment_situation:20230901T1230Z"", ""bls:us_employment_situation:20230804T1230Z""]","[""2023-11-03T12:30:00+00:00"", ""2023-10-06T12:30:00+00:00"", ""2023-12-08T13:30:00+00:00"", ""2023-09-01T12:30:00+00:00"", ""2023-08-04T12:30:00+00:00""]","[0.3330701851751201, 0.4820361238163093, 0.6151205684229835, 0.8701070120229929, 0.9149211632374545]",-38.44999999999876,20.5500000000014,0.6,30.401200634185575,0.5500000000013827,0.5154639175257731,20.5500000000014,False,False,False,-22.34999999999987,14.050000000001006,0.6,36.752093817903685,-0.3500000000000725,0.4948453608247423,14.050000000001006,False,True,False,-2.7500000000002522,12.500000000001954,0.6,33.993431718495216,-1.2999999999996348,0.4845360824742268,12.500000000001954,False,True,False,25.650000000001505,30.90000000000037,0.6,46.16756870358261,-2.9999999999996696,0.4536082474226804,30.90000000000037,True,False,True,25.399999999999867,26.250000000000995,0.6,57.593251340760325,-2.4000000000001798,0.4742268041237113,26.250000000000995,True,False,True
bls:us_employment_situation:20240202T1330Z,us_employment_situation,2024-02-02 13:30:00+00:00,98,5,"[""bls:us_employment_situation:20231208T1330Z"", ""bls:us_employment_situation:20231103T1230Z"", ""bls:us_employment_situation:20240105T1330Z"", ""bls:us_employment_situation:20230804T1230Z"", ""bls:us_employment_situation:20231006T1230Z""]","[""2023-12-08T13:30:00+00:00"", ""2023-11-03T12:30:00+00:00"", ""2024-01-05T13:30:00+00:00"", ""2023-08-04T12:30:00+00:00"", ""2023-10-06T12:30:00+00:00""]","[0.3961443638123647, 0.5407442678803138, 0.6300856840665795, 0.9336932742357872, 0.9507162520697914]",-51.95000000000061,-21.800000000000708,0.4,33.131450315372234,0.5000000000010552,0.5102040816326531,-21.800000000000708,True,False,True,-61.99999999999983,-22.34999999999987,0.4,32.648185248187886,-0.6500000000009276,0.4897959183673469,-22.34999999999987,True,True,True,-56.45000000000122,-2.7500000000002522,0.4,34.217895902582846,-1.40000000000029,0.47959183673469385,-2.7500000000002522,True,True,True,-84.85000000000075,25.650000000001505,0.6,45.875302723797084,-2.6999999999999247,0.45918367346938777,25.650000000001505,False,True,False,-95.30000000000038,26.250000000000995,0.8,40.86302729852559,-1.875000000000071,0.47959183673469385,25.399999999999867,False,True,False
bls:us_cpi_release:20240213T1330Z,us_cpi_release,2024-02-13 13:30:00+00:00,91,5,"[""bls:us_cpi_release:20231012T1230Z"", ""bls:us_cpi_release:20231212T1330Z"", ""bls:us_cpi_release:20231114T1330Z"", ""bls:us_cpi_release:20230810T1230Z"", ""bls:us_cpi_release:20230510T1230Z""]","[""2023-10-12T12:30:00+00:00"", ""2023-12-12T13:30:00+00:00"", ""2023-11-14T13:30:00+00:00"", ""2023-08-10T12:30:00+00:00"", ""2023-05-10T12:30:00+00:00""]","[0.9854001780340476, 1.1505493897606534, 1.1596642437409754, 1.4537036035732327, 2.55729065609147]",-46.64999999999919,18.199999999999328,0.8,24.52784947768482,0.5000000000010552,0.5274725274725275,18.199999999999328,False,False,False,-62.499999999998664,7.800000000000029,0.6,33.58890292938985,4.699999999999704,0.5494505494505495,7.800000000000029,False,False,False,-74.84999999999964,-11.600000000000499,0.4,44.02952872788892,1.1999999999989797,0.5384615384615384,-11.600000000000499,True,False,True,-72.84999999999985,-13.850000000001916,0.4,50.837377981166526,2.0500000000001073,0.5054945054945055,-13.850000000001916,True,False,True,-78.75000000000075,-15.34999999999842,0.4,69.23968081959963,2.649999999999597,0.5164835164835165,-15.34999999999842,True,False,True
bls:us_employment_situation:20240308T1330Z,us_employment_situation,2024-03-08 13:30:00+00:00,99,5,"[""bls:us_employment_situation:20231103T1230Z"", ""bls:us_employment_situation:20240202T1330Z"", ""bls:us_employment_situation:20231208T1330Z"", ""bls:us_employment_situation:20240105T1330Z"", ""bls:us_employment_situation:20231006T1230Z""]","[""2023-11-03T12:30:00+00:00"", ""2024-02-02T13:30:00+00:00"", ""2023-12-08T13:30:00+00:00"", ""2024-01-05T13:30:00+00:00"", ""2023-10-06T12:30:00+00:00""]","[0.4291424434485837, 0.4575706846207286, 0.48058963820437184, 0.5145427169687183, 0.7574534552684216]",21.299999999999653,-38.44999999999876,0.2,32.97788046554829,0.4500000000007276,0.5050505050505051,-38.44999999999876,False,True,False,8.249999999998536,-31.74999999999928,0.2,35.06079576963398,-0.9500000000017828,0.48484848484848486,-31.74999999999928,False,False,False,31.89999999999804,-5.749999999999922,0.2,39.160367720439204,-1.500000000000945,0.47474747474747475,-5.749999999999922,False,False,False,15.799999999999148,-32.90000000000015,0.4,49.85528457445637,-2.9999999999996696,0.45454545454545453,-32.90000000000015,False,False,False,3.849999999998577,25.399999999999867,0.6,59.32771190598901,-2.4000000000001798,0.47474747474747475,25.399999999999867,True,False,True
bls:us_cpi_release:20240312T1230Z,us_cpi_release,2024-03-12 12:30:00+00:00,92,5,"[""bls:us_cpi_release:20231212T1330Z"", ""bls:us_cpi_release:20231114T1330Z"", ""bls:us_cpi_release:20240213T1330Z"", ""bls:us_cpi_release:20231012T1230Z"", ""bls:us_cpi_release:20230810T1230Z""]","[""2023-12-12T13:30:00+00:00"", ""2023-11-14T13:30:00+00:00"", ""2024-02-13T13:30:00+00:00"", ""2023-10-12T12:30:00+00:00"", ""2023-08-10T12:30:00+00:00""]","[0.2871118598500023, 0.9631602865993186, 1.127795809626839, 1.2803417235102972, 1.5588177744785725]",-12.700000000001044,6.300000000001305,0.6,33.977148202872314,0.4499999999996174,0.5217391304347826,6.300000000001305,False,False,False,-13.300000000000534,-8.199999999998209,0.4,42.47031904754146,4.300000000000415,0.5434782608695652,-8.199999999998209,True,False,True,3.649999999999487,-24.449999999998084,0.2,48.83640650170715,0.9749999999986159,0.532608695652174,-24.449999999998084,False,True,False,-20.800000000000818,-26.100000000000012,0.2,56.24888087775578,0.7749999999995261,0.5,-26.100000000000012,True,False,True,-18.9499999999998,-18.450000000000966,0.2,76.89374877062528,1.474999999999671,0.5108695652173914,-18.450000000000966,True,False,True
bls:us_employment_situation:20240405T1230Z,us_employment_situation,2024-04-05 12:30:00+00:00,100,5,"[""bls:us_employment_situation:20240202T1330Z"", ""bls:us_employment_situation:20240308T1330Z"", ""bls:us_employment_situation:20231208T1330Z"", ""bls:us_employment_situation:20231103T1230Z"", ""bls:us_employment_situation:20240105T1330Z""]","[""2024-02-02T13:30:00+00:00"", ""2024-03-08T13:30:00+00:00"", ""2023-12-08T13:30:00+00:00"", ""2023-11-03T12:30:00+00:00"", ""2024-01-05T13:30:00+00:00""]","[0.29946553011707955, 0.33925894431645376, 0.4025764699685715, 0.48413606402257825, 0.5986635515432953]",-38.200000000001566,-38.44999999999876,0.4,37.35798977461158,0.5000000000010552,0.51,-38.44999999999876,True,False,True,-34.85000000000182,-22.34999999999987,0.4,34.2854400584267,-0.6500000000009276,0.49,-22.34999999999987,True,True,True,-29.400000000001647,-2.7500000000002522,0.4,37.677611389258885,-1.40000000000029,0.48,-2.7500000000002522,True,True,True,-44.950000000001374,15.799999999999148,0.6,49.025986986495404,-2.6999999999999247,0.46,15.799999999999148,False,True,False,-8.950000000000902,3.849999999998577,0.6,58.25094505671144,-1.875000000000071,0.48,3.849999999998577,False,True,False
bls:us_cpi_release:20240410T1230Z,us_cpi_release,2024-04-10 12:30:00+00:00,93,5,"[""bls:us_cpi_release:20231212T1330Z"", ""bls:us_cpi_release:20240312T1230Z"", ""bls:us_cpi_release:20231114T1330Z"", ""bls:us_cpi_release:20231012T1230Z"", ""bls:us_cpi_release:20240213T1330Z""]","[""2023-12-12T13:30:00+00:00"", ""2024-03-12T12:30:00+00:00"", ""2023-11-14T13:30:00+00:00"", ""2023-10-12T12:30:00+00:00"", ""2024-02-13T13:30:00+00:00""]","[0.43246282631621874, 0.4648571127429381, 0.9460149608343812, 1.1270509352200482, 1.1869573792083736]",-54.84999999999962,-12.700000000001044,0.4,33.22862320349671,0.3999999999981796,0.5161290322580645,-12.700000000001044,True,False,True,-72.59999999999822,-13.300000000000534,0.2,41.823505352851136,3.900000000001125,0.5376344086021505,-13.300000000000534,True,False,True,-82.549999999999,-24.449999999998084,0.4,49.51431712141428,1.1999999999989797,0.5376344086021505,-24.449999999998084,True,False,True,-90.09999999999962,-26.100000000000012,0.2,56.28000888414963,-0.5000000000010552,0.4946236559139785,-26.100000000000012,True,True,True,-133.34999999999874,-18.9499999999998,0.2,76.90495822767238,0.2999999999997449,0.5053763440860215,-18.9499999999998,True,False,True
bls:us_employment_situation:20240503T1230Z,us_employment_situation,2024-05-03 12:30:00+00:00,101,5,"[""bls:us_employment_situation:20240405T1230Z"", ""bls:us_employment_situation:20240308T1330Z"", ""bls:us_employment_situation:20240202T1330Z"", ""bls:us_employment_situation:20231103T1230Z"", ""bls:us_employment_situation:20231208T1330Z""]","[""2024-04-05T12:30:00+00:00"", ""2024-03-08T13:30:00+00:00"", ""2024-02-02T13:30:00+00:00"", ""2023-11-03T12:30:00+00:00"", ""2023-12-08T13:30:00+00:00""]","[0.296959946053763, 0.36199361903269006, 0.4102744739631558, 0.48681320513388326, 0.5558933742466546]",53.25000000000024,-38.200000000001566,0.4,37.325130944177694,0.4500000000007276,0.504950495049505,-38.44999999999876,False,True,False,47.04999999999959,-31.74999999999928,0.4,35.24615440016091,-0.9500000000017828,0.48514851485148514,-31.74999999999928,False,False,False,43.89999999999894,-5.749999999999922,0.4,40.09677543144863,-1.500000000000945,0.4752475247524752,-5.749999999999922,False,False,False,31.200000000000117,-32.90000000000015,0.4,48.49024025512762,-2.9999999999996696,0.45544554455445546,-32.90000000000015,False,False,False,14.650000000000496,-8.950000000000902,0.4,56.699447969094095,-2.4000000000001798,0.4752475247524752,-8.950000000000902,False,False,False
bls:us_cpi_release:20240515T1230Z,us_cpi_release,2024-05-15 12:30:00+00:00,94,5,"[""bls:us_cpi_release:20240312T1230Z"", ""bls:us_cpi_release:20231212T1330Z"", ""bls:us_cpi_release:20231114T1330Z"", ""bls:us_cpi_release:20240410T1230Z"", ""bls:us_cpi_release:20240213T1330Z""]","[""2024-03-12T12:30:00+00:00"", ""2023-12-12T13:30:00+00:00"", ""2023-11-14T13:30:00+00:00"", ""2024-04-10T12:30:00+00:00"", ""2024-02-13T13:30:00+00:00""]","[0.7803147337701934, 0.7842615690595912, 0.7874407797311366, 0.810671184106866, 1.0292169478815603]",32.70000000000106,-12.700000000001044,0.4,38.851602283560375,0.34999999999896225,0.5106382978723404,-12.700000000001044,False,True,False,26.74999999999983,-13.300000000000534,0.2,48.245099232978426,3.9000000000000146,0.5319148936170213,-13.300000000000534,False,True,False,33.54999999999997,-24.449999999998084,0.4,56.32658697276054,0.9749999999986159,0.5319148936170213,-24.449999999998084,False,True,False,25.300000000001432,-26.100000000000012,0.2,62.621101874687035,-0.7250000000003087,0.48936170212765956,-26.100000000000012,False,False,False,35.80000000000138,-18.9499999999998,0.2,89.62637781367683,0.10000000000065512,0.5,-18.9499999999998,False,True,False
bls:us_employment_situation:20240607T1230Z,us_employment_situation,2024-06-07 12:30:00+00:00,102,5,"[""bls:us_employment_situation:20231208T1330Z"", ""bls:us_employment_situation:20240503T1230Z"", ""bls:us_employment_situation:20240405T1230Z"", ""bls:us_employment_situation:20240308T1330Z"", ""bls:us_employment_situation:20240202T1330Z""]","[""2023-12-08T13:30:00+00:00"", ""2024-05-03T12:30:00+00:00"", ""2024-04-05T12:30:00+00:00"", ""2024-03-08T13:30:00+00:00"", ""2024-02-02T13:30:00+00:00""]","[0.47617500302584426, 0.48752034922136805, 0.5152722345889943, 0.5449735253541759, 0.5973643216253066]",-47.44999999999999,-38.200000000001566,0.4,41.14357057913209,0.5000000000010552,0.5098039215686274,-38.200000000001566,True,False,True,-56.549999999999656,-31.74999999999928,0.4,38.141242769474395,-0.6500000000009276,0.49019607843137253,-22.34999999999987,True,True,True,-64.5999999999991,-5.749999999999922,0.4,37.36018468905093,-1.40000000000029,0.4803921568627451,-2.7500000000002522,True,True,True,-66.64999999999921,-32.90000000000015,0.4,42.06712968577747,-2.6999999999999247,0.46078431372549017,15.799999999999148,True,True,False,-86.34999999999948,-8.950000000000902,0.4,38.86994211469834,-1.875000000000071,0.4803921568627451,3.849999999998577,True,True,False
bls:us_cpi_release:20240612T1230Z,us_cpi_release,2024-06-12 12:30:00+00:00,95,5,"[""bls:us_cpi_release:20240312T1230Z"", ""bls:us_cpi_release:20231212T1330Z"", ""bls:us_cpi_release:20240410T1230Z"", ""bls:us_cpi_release:20240515T1230Z"", ""bls:us_cpi_release:20230810T1230Z""]","[""2024-03-12T12:30:00+00:00"", ""2023-12-12T13:30:00+00:00"", ""2024-04-10T12:30:00+00:00"", ""2024-05-15T12:30:00+00:00"", ""2023-08-10T12:30:00+00:00""]","[0.8295898475405953, 0.8932044559355921, 0.9018938570131427, 1.1773890391131792, 1.319259902379558]",40.29999999999978,6.300000000001305,0.6,30.293920182109318,0.3999999999981796,0.5157894736842106,-12.700000000001044,True,True,False,50.65000000000097,-8.199999999998209,0.4,33.41272811369878,3.900000000001125,0.5368421052631579,-13.300000000000534,False,True,False,48.60000000000086,-11.600000000000499,0.4,38.36821080008764,1.1999999999989797,0.5368421052631579,-24.449999999998084,False,True,False,68.74999999999964,-20.800000000000818,0.2,37.17852068062969,-0.5000000000010552,0.49473684210526314,-26.100000000000012,False,False,False,75.54999999999978,-18.450000000000966,0.2,55.643457836478774,0.2999999999997449,0.5052631578947369,-18.9499999999998,False,True,False
bls:us_employment_situation:20240705T1230Z,us_employment_situation,2024-07-05 12:30:00+00:00,103,5,"[""bls:us_employment_situation:20230901T1230Z"", ""bls:us_employment_situation:20230804T1230Z"", ""bls:us_employment_situation:20240405T1230Z"", ""bls:us_employment_situation:20240503T1230Z"", ""bls:us_employment_situation:20240607T1230Z""]","[""2023-09-01T12:30:00+00:00"", ""2023-08-04T12:30:00+00:00"", ""2024-04-05T12:30:00+00:00"", ""2024-05-03T12:30:00+00:00"", ""2024-06-07T12:30:00+00:00""]","[0.44820355246320576, 0.5026180134262661, 0.8171914665021655, 0.844484689242885, 0.860518170232243]",7.650000000001267,20.5500000000014,0.6,38.627329703204175,0.4500000000007276,0.5048543689320388,-38.200000000001566,True,True,False,-0.6499999999998174,14.050000000001006,0.6,40.342364829048186,-0.9500000000017828,0.4854368932038835,-34.85000000000182,False,True,True,5.9000000000009045,12.500000000001954,0.6,40.00782923378865,-1.500000000000945,0.47572815533980584,-29.400000000001647,True,False,False,1.5500000000012726,30.90000000000037,0.6,51.72932823843773,-2.9999999999996696,0.4563106796116505,-44.950000000001374,True,False,False,0.5500000000013827,-8.950000000000902,0.4,60.732531644910075,-2.4000000000001798,0.47572815533980584,-8.950000000000902,False,False,False
bls:us_employment_situation:20240802T1230Z,us_employment_situation,2024-08-02 12:30:00+00:00,104,5,"[""bls:us_employment_situation:20230804T1230Z"", ""bls:us_employment_situation:20240705T1230Z"", ""bls:us_employment_situation:20230901T1230Z"", ""bls:us_employment_situation:20240607T1230Z"", ""bls:us_employment_situation:20231208T1330Z""]","[""2023-08-04T12:30:00+00:00"", ""2024-07-05T12:30:00+00:00"", ""2023-09-01T12:30:00+00:00"", ""2024-06-07T12:30:00+00:00"", ""2023-12-08T13:30:00+00:00""]","[0.541751104245049, 0.565127303516186, 0.7135545140339024, 0.8789101203733886, 0.9230466891716153]",37.65000000000018,7.650000000001267,0.6,30.397213688100035,0.5000000000010552,0.5096153846153846,7.650000000001267,True,True,True,24.200000000000887,-0.6499999999998174,0.4,32.94811678988657,-0.8000000000008001,0.4807692307692308,-0.6499999999998174,False,False,False,31.55000000000019,5.9000000000009045,0.6,32.23058175087756,-1.40000000000029,0.4807692307692308,5.9000000000009045,True,False,True,61.19999999999903,1.5500000000012726,0.6,48.08743494926724,-2.6999999999999247,0.46153846153846156,1.5500000000012726,True,False,True,79.70000000000032,-22.55000000000118,0.4,59.86469410261794,-1.875000000000071,0.4807692307692308,0.5500000000013827,False,False,True
bls:us_cpi_release:20240814T1230Z,us_cpi_release,2024-08-14 12:30:00+00:00,96,5,"[""bls:us_cpi_release:20240213T1330Z"", ""bls:us_cpi_release:20240515T1230Z"", ""bls:us_cpi_release:20230810T1230Z"", ""bls:us_cpi_release:20231012T1230Z"", ""bls:us_cpi_release:20231114T1330Z""]","[""2024-02-13T13:30:00+00:00"", ""2024-05-15T12:30:00+00:00"", ""2023-08-10T12:30:00+00:00"", ""2023-10-12T12:30:00+00:00"", ""2023-11-14T13:30:00+00:00""]","[1.0901201092533364, 1.248420808146278, 1.2488564964449675, 1.3015049633641054, 1.3243025681784553]",-5.349999999999522,18.199999999999328,0.6,36.2463377460394,0.4499999999996174,0.5208333333333334,-12.700000000001044,False,False,True,-7.899999999998464,7.800000000000029,0.6,44.53976201103862,4.300000000000415,0.5416666666666666,-13.300000000000534,False,False,True,-4.899999999998794,-11.600000000000499,0.4,52.31797587827717,1.7000000000000348,0.5416666666666666,3.649999999999487,True,False,False,-2.0500000000001073,-13.850000000001916,0.4,58.01759560685011,0.7749999999995261,0.5,-20.800000000000818,True,False,True,-6.599999999998829,-18.450000000000966,0.4,78.88227304027234,1.474999999999671,0.5104166666666666,-18.9499999999998,True,False,True
bls:us_employment_situation:20240906T1230Z,us_employment_situation,2024-09-06 12:30:00+00:00,105,5,"[""bls:us_employment_situation:20230804T1230Z"", ""bls:us_employment_situation:20240705T1230Z"", ""bls:us_employment_situation:20240802T1230Z"", ""bls:us_employment_situation:20230901T1230Z"", ""bls:us_employment_situation:20240202T1330Z""]","[""2023-08-04T12:30:00+00:00"", ""2024-07-05T12:30:00+00:00"", ""2024-08-02T12:30:00+00:00"", ""2023-09-01T12:30:00+00:00"", ""2024-02-02T13:30:00+00:00""]","[0.5120028273044845, 0.5411327116776454, 0.5547239286555172, 0.6865340675791923, 0.8578113910025089]",21.999999999999797,20.5500000000014,0.8,31.12724851316004,0.5500000000013827,0.5142857142857142,7.650000000001267,True,True,True,24.100000000000232,14.050000000001006,0.6,34.40996076719669,-0.6499999999998174,0.4857142857142857,-0.6499999999998174,True,False,False,25.95000000000125,12.500000000001954,0.8,32.11716986286375,-1.2999999999996348,0.4857142857142857,5.9000000000009045,True,False,True,-12.849999999999806,30.90000000000037,0.8,56.040455030272774,-2.4000000000001798,0.4666666666666667,1.5500000000012726,False,True,False,-29.89999999999826,0.5500000000013827,0.6,73.00385332295838,-1.3499999999999623,0.4857142857142857,0.5500000000013827,False,True,False
bls:us_cpi_release:20240911T1230Z,us_cpi_release,2024-09-11 12:30:00+00:00,97,5,"[""bls:us_cpi_release:20240515T1230Z"", ""bls:us_cpi_release:20231114T1330Z"", ""bls:us_cpi_release:20240612T1230Z"", ""bls:us_cpi_release:20240814T1230Z"", ""bls:us_cpi_release:20240312T1230Z""]","[""2024-05-15T12:30:00+00:00"", ""2023-11-14T13:30:00+00:00"", ""2024-06-12T12:30:00+00:00"", ""2024-08-14T12:30:00+00:00"", ""2024-03-12T12:30:00+00:00""]","[0.9205383275220113, 0.9402025851157519, 0.9918700677568462, 1.1270776911187257, 1.1426475601699273]",-19.649999999999945,32.70000000000106,0.6,25.844778969842128,0.3999999999981796,0.5154639175257731,-5.349999999999522,False,False,True,-17.499999999999183,26.74999999999983,0.6,30.48788939890714,3.900000000001125,0.5360824742268041,-7.899999999998464,False,False,True,-34.40000000000109,33.54999999999997,0.8,28.255948046384727,1.1999999999989797,0.5360824742268041,3.649999999999487,False,False,False,-27.34999999999932,25.300000000001432,0.6,41.53537046903498,-0.5000000000010552,0.4948453608247423,-2.0500000000001073,False,True,True,-30.74999999999939,35.80000000000138,0.6,56.171054823636254,0.2999999999997449,0.5051546391752577,-6.599999999998829,False,False,True
bls:us_employment_situation:20241004T1230Z,us_employment_situation,2024-10-04 12:30:00+00:00,106,5,"[""bls:us_employment_situation:20230602T1230Z"", ""bls:us_employment_situation:20230505T1230Z"", ""bls:us_employment_situation:20230707T1230Z"", ""bls:us_employment_situation:20240802T1230Z"", ""bls:us_employment_situation:20240906T1230Z""]","[""2023-06-02T12:30:00+00:00"", ""2023-05-05T12:30:00+00:00"", ""2023-07-07T12:30:00+00:00"", ""2024-08-02T12:30:00+00:00"", ""2024-09-06T12:30:00+00:00""]","[0.5495023505371618, 1.102380719920268, 1.6161279241206303, 1.803204943290289, 1.8368850384620745]",-53.3500000000009,12.150000000001882,0.6,23.86166381457976,0.5750000000004363,0.5188679245283019,21.999999999999797,False,False,False,-54.35000000000078,24.100000000000232,0.6,21.232037113758093,-0.49999999999994493,0.49056603773584906,24.100000000000232,False,True,False,-63.1500000000007,20.100000000000673,0.6,27.518150373890485,-1.0500000000002174,0.49056603773584906,25.95000000000125,False,True,False,-66.95000000000117,4.150000000000542,0.6,30.23887233347128,-2.6999999999999247,0.46226415094339623,1.5500000000012726,False,True,False,-77.65000000000022,9.699999999999154,0.6,53.42685092722594,-1.875000000000071,0.4811320754716981,0.5500000000013827,False,True,False
bls:us_cpi_release:20241010T1230Z,us_cpi_release,2024-10-10 12:30:00+00:00,98,5,"[""bls:us_cpi_release:20230412T1230Z"", ""bls:us_cpi_release:20230510T1230Z"", ""bls:us_cpi_release:20230613T1230Z"", ""bls:us_cpi_release:20240612T1230Z"", ""bls:us_cpi_release:20240911T1230Z""]","[""2023-04-12T12:30:00+00:00"", ""2023-05-10T12:30:00+00:00"", ""2023-06-13T12:30:00+00:00"", ""2024-06-12T12:30:00+00:00"", ""2024-09-11T12:30:00+00:00""]","[0.7824777676649742, 0.8466573007599587, 1.445178343866053, 1.8024949355802966, 1.9655659200111262]",-6.700000000001705,28.29999999999888,0.8,22.676044628638213,0.34999999999896225,0.5102040816326531,-5.349999999999522,False,False,True,12.799999999999478,30.69999999999906,0.8,27.2339604170965,3.9000000000000146,0.5306122448979592,-7.899999999998464,True,True,False,0.7499999999982521,48.49999999999799,0.8,32.262572743041204,0.9749999999986159,0.5306122448979592,-4.899999999998794,True,True,False,12.649999999998496,38.24999999999967,0.8,34.26494418498258,-0.7250000000003087,0.4897959183673469,-2.0500000000001073,True,False,False,-5.5000000000005045,26.850000000000485,0.8,40.179099044154555,0.10000000000065512,0.5,-6.599999999998829,False,False,True
bls:us_employment_situation:20241101T1230Z,us_employment_situation,2024-11-01 12:30:00+00:00,107,5,"[""bls:us_employment_situation:20230505T1230Z"", ""bls:us_employment_situation:20241004T1230Z"", ""bls:us_employment_situation:20230602T1230Z"", ""bls:us_employment_situation:20230310T1330Z"", ""bls:us_employment_situation:20230707T1230Z""]","[""2023-05-05T12:30:00+00:00"", ""2024-10-04T12:30:00+00:00"", ""2023-06-02T12:30:00+00:00"", ""2023-03-10T13:30:00+00:00"", ""2023-07-07T12:30:00+00:00""]","[1.0287745920126232, 1.348917742400012, 1.5715025280537214, 1.7797883369310148, 2.4086437134131025]",20.150000000001,-9.200000000000319,0.4,30.480741460798402,0.5500000000013827,0.514018691588785,7.650000000001267,False,True,True,27.650000000001285,-5.649999999999267,0.4,34.01466742451004,-0.6499999999998174,0.48598130841121495,-0.6499999999998174,False,False,False,37.15000000000135,-15.100000000001224,0.4,38.81601473618903,-1.2999999999996348,0.48598130841121495,5.9000000000009045,False,False,True,8.050000000001667,4.150000000000542,0.6,41.76760706576386,-2.9999999999996696,0.45794392523364486,-12.849999999999806,True,False,False,-13.499999999999623,9.699999999999154,0.6,62.354385571506,-2.4000000000001798,0.4766355140186916,-29.89999999999826,False,True,True
bls:us_cpi_release:20241113T1330Z,us_cpi_release,2024-11-13 13:30:00+00:00,99,5,"[""bls:us_cpi_release:20230412T1230Z"", ""bls:us_cpi_release:20241010T1230Z"", ""bls:us_cpi_release:20230510T1230Z"", ""bls:us_cpi_release:20230214T1330Z"", ""bls:us_cpi_release:20230314T1230Z""]","[""2023-04-12T12:30:00+00:00"", ""2024-10-10T12:30:00+00:00"", ""2023-05-10T12:30:00+00:00"", ""2023-02-14T13:30:00+00:00"", ""2023-03-14T12:30:00+00:00""]","[0.7854530670067358, 1.0189445436167206, 1.291098279444829, 1.423147671460653, 1.4596303165834636]",18.599999999999728,14.250000000000096,0.6,23.627682916443867,0.2999999999997449,0.5050505050505051,-5.349999999999522,True,True,False,15.14999999999933,30.49999999999997,0.8,24.424708800720406,3.900000000001125,0.5353535353535354,12.799999999999478,True,True,True,5.20000000000076,4.699999999999704,1.0,22.817743096108714,0.7499999999982521,0.5353535353535354,0.7499999999982521,True,True,True,-5.899999999998684,12.649999999998496,0.8,29.78874955415197,-0.5000000000010552,0.494949494949495,12.649999999998496,False,True,False,-60.79999999999863,-5.5000000000005045,0.4,35.80987852534615,-0.09999999999843467,0.494949494949495,-5.5000000000005045,True,True,True
bls:us_employment_situation:20241206T1330Z,us_employment_situation,2024-12-06 13:30:00+00:00,108,5,"[""bls:us_employment_situation:20241101T1230Z"", ""bls:us_employment_situation:20241004T1230Z"", ""bls:us_employment_situation:20230505T1230Z"", ""bls:us_employment_situation:20230602T1230Z"", ""bls:us_employment_situation:20230310T1330Z""]","[""2024-11-01T12:30:00+00:00"", ""2024-10-04T12:30:00+00:00"", ""2023-05-05T12:30:00+00:00"", ""2023-06-02T12:30:00+00:00"", ""2023-03-10T13:30:00+00:00""]","[0.8950457318273949, 1.1007414376275868, 1.190314027851392, 1.3958446740970152, 1.643773094007767]",9.949999999998571,-9.200000000000319,0.4,31.759401757590325,0.5750000000004363,0.5185185185185185,20.150000000001,False,True,True,28.649999999998954,-5.649999999999267,0.4,32.63382294491452,-0.49999999999994493,0.49074074074074076,24.100000000000232,False,False,True,31.199999999997896,-15.100000000001224,0.4,42.003266539640265,-1.0500000000002174,0.49074074074074076,25.95000000000125,False,False,True,-4.150000000000542,4.150000000000542,0.6,41.00404126424668,-2.6999999999999247,0.46296296296296297,1.5500000000012726,False,True,False,-32.80000000000172,-13.499999999999623,0.4,51.16711248448536,-2.5249999999998884,0.4722222222222222,-13.499999999999623,True,True,True
bls:us_cpi_release:20241211T1330Z,us_cpi_release,2024-12-11 13:30:00+00:00,100,5,"[""bls:us_cpi_release:20241113T1330Z"", ""bls:us_cpi_release:20241010T1230Z"", ""bls:us_cpi_release:20230412T1230Z"", ""bls:us_cpi_release:20230510T1230Z"", ""bls:us_cpi_release:20230214T1330Z""]","[""2024-11-13T13:30:00+00:00"", ""2024-10-10T12:30:00+00:00"", ""2023-04-12T12:30:00+00:00"", ""2023-05-10T12:30:00+00:00"", ""2023-02-14T13:30:00+00:00""]","[0.8739964724545002, 1.03534386216109, 1.0968732362775355, 1.3933400454543432, 1.4739413600809337]",-2.100000000000435,18.599999999999728,0.6,23.79828565254258,0.34999999999896225,0.51,-5.349999999999522,False,False,True,-0.700000000000145,30.49999999999997,1.0,17.37393449970363,4.300000000000415,0.54,12.799999999999478,False,False,False,18.499999999999073,5.20000000000076,1.0,22.09927600624055,0.9749999999986159,0.54,0.7499999999982521,True,True,True,-7.200000000000539,12.649999999998496,0.6,30.64642882947339,-0.7250000000003087,0.49,-2.0500000000001073,False,True,True,-20.54999999999918,-5.5000000000005045,0.4,45.68856968652,-0.9749999999997261,0.49,-6.599999999998829,True,True,True
bls:us_employment_situation:20250110T1330Z,us_employment_situation,2025-01-10 13:30:00+00:00,109,5,"[""bls:us_employment_situation:20230310T1330Z"", ""bls:us_employment_situation:20230505T1230Z"", ""bls:us_employment_situation:20241101T1230Z"", ""bls:us_employment_situation:20241206T1330Z"", ""bls:us_employment_situation:20241004T1230Z""]","[""2023-03-10T13:30:00+00:00"", ""2023-05-05T12:30:00+00:00"", ""2024-11-01T12:30:00+00:00"", ""2024-12-06T13:30:00+00:00"", ""2024-10-04T12:30:00+00:00""]","[1.1286306049570898, 1.3268722511611366, 1.3536050687449876, 1.4466672751826615, 1.655992429530833]",-58.79999999999885,9.949999999998571,0.6,32.5196924954715,0.5999999999994898,0.5229357798165137,20.150000000001,False,False,False,-81.8999999999992,27.650000000001285,0.6,35.081391078462325,-0.3500000000000725,0.4954128440366973,24.200000000000887,False,True,False,-55.600000000000094,31.199999999997896,0.6,44.33285012268033,-0.8000000000008001,0.4954128440366973,31.199999999997896,False,True,False,-45.2499999999989,-4.150000000000542,0.4,40.77181624603009,-2.9999999999996696,0.45871559633027525,-4.150000000000542,True,True,True,-66.85000000000052,-13.499999999999623,0.4,49.105105640859676,-2.649999999999597,0.46788990825688076,-29.89999999999826,True,True,True
bls:us_cpi_release:20250115T1330Z,us_cpi_release,2025-01-15 13:30:00+00:00,101,5,"[""bls:us_cpi_release:20230214T1330Z"", ""bls:us_cpi_release:20230314T1230Z"", ""bls:us_cpi_release:20241113T1330Z"", ""bls:us_cpi_release:20241211T1330Z"", ""bls:us_cpi_release:20230412T1230Z""]","[""2023-02-14T13:30:00+00:00"", ""2023-03-14T12:30:00+00:00"", ""2024-11-13T13:30:00+00:00"", ""2024-12-11T13:30:00+00:00"", ""2023-04-12T12:30:00+00:00""]","[0.8079167011669983, 0.8718454929655004, 0.8999732416163987, 0.9593719698870771, 1.2597132484559963]",37.50000000000142,14.250000000000096,0.6,21.938062813293467,0.2999999999997449,0.504950495049505,-5.349999999999522,True,True,False,36.8500000000016,15.14999999999933,0.6,25.929770535043055,3.900000000001125,0.5346534653465347,-0.700000000000145,True,True,False,25.500000000000522,5.20000000000076,1.0,17.540171036793822,1.1999999999989797,0.5445544554455446,0.7499999999982521,True,True,True,37.24999999999978,-5.899999999998684,0.4,28.36537678226722,-0.9499999999995623,0.48514851485148514,-5.899999999998684,False,False,False,-17.799999999998928,-20.54999999999918,0.2,43.77744396375811,-1.8500000000010175,0.48514851485148514,-20.54999999999918,True,True,True
bls:us_employment_situation:20250207T1330Z,us_employment_situation,2025-02-07 13:30:00+00:00,110,5,"[""bls:us_employment_situation:20241004T1230Z"", ""bls:us_employment_situation:20240802T1230Z"", ""bls:us_employment_situation:20250110T1330Z"", ""bls:us_employment_situation:20230106T1330Z"", ""bls:us_employment_situation:20230203T1330Z""]","[""2024-10-04T12:30:00+00:00"", ""2024-08-02T12:30:00+00:00"", ""2025-01-10T13:30:00+00:00"", ""2023-01-06T13:30:00+00:00"", ""2023-02-03T13:30:00+00:00""]","[0.6283755413628718, 0.6586305144310808, 0.7083411683682046, 0.7149018348032977, 0.7294728086288558]",-12.749999999999151,-53.3500000000009,0.4,42.896188641883164,0.5750000000004363,0.5181818181818182,9.949999999998571,True,False,False,-6.749999999999812,-54.35000000000078,0.4,43.83527574910416,-0.49999999999994493,0.4909090909090909,24.100000000000232,True,True,False,-5.850000000000577,-55.600000000000094,0.4,48.19945020433339,-1.0500000000002174,0.4909090909090909,25.95000000000125,True,True,False,5.850000000000577,-45.2499999999989,0.4,54.10357659157095,-3.0999999999992145,0.45454545454545453,-12.849999999999806,False,False,False,-55.600000000000094,-66.85000000000052,0.4,91.65993454067129,-3.3249999999995783,0.4636363636363636,-32.80000000000172,True,True,True
bls:us_cpi_release:20250212T1330Z,us_cpi_release,2025-02-12 13:30:00+00:00,102,5,"[""bls:us_cpi_release:20250115T1330Z"", ""bls:us_cpi_release:20241211T1330Z"", ""bls:us_cpi_release:20230510T1230Z"", ""bls:us_cpi_release:20241010T1230Z"", ""bls:us_cpi_release:20241113T1330Z""]","[""2025-01-15T13:30:00+00:00"", ""2024-12-11T13:30:00+00:00"", ""2023-05-10T12:30:00+00:00"", ""2024-10-10T12:30:00+00:00"", ""2024-11-13T13:30:00+00:00""]","[0.5086628792732173, 0.6016374284527233, 0.7604423038712713, 0.7875074996612407, 0.8286566629485201]",-38.000000000000256,18.599999999999728,0.6,17.084074455469466,0.34999999999896225,0.5098039215686274,-2.100000000000435,False,False,True,-43.65000000000174,15.14999999999933,0.8,13.392960837694199,4.300000000000415,0.5392156862745098,12.799999999999478,False,False,False,-39.95000000000193,18.499999999999073,1.0,16.968453082117428,1.7000000000000348,0.5490196078431373,5.20000000000076,False,False,False,-20.300000000001983,12.649999999998496,0.6,19.853448063245594,-0.7250000000003087,0.49019607843137253,-5.899999999998684,False,True,True,49.64999999999886,-17.799999999998928,0.2,28.200663112770577,-1.9750000000007262,0.4803921568627451,-20.54999999999918,False,False,False
bls:us_employment_situation:20250307T1330Z,us_employment_situation,2025-03-07 13:30:00+00:00,111,5,"[""bls:us_employment_situation:20241004T1230Z"", ""bls:us_employment_situation:20250207T1330Z"", ""bls:us_employment_situation:20240802T1230Z"", ""bls:us_employment_situation:20230602T1230Z"", ""bls:us_employment_situation:20241206T1330Z""]","[""2024-10-04T12:30:00+00:00"", ""2025-02-07T13:30:00+00:00"", ""2024-08-02T12:30:00+00:00"", ""2023-06-02T12:30:00+00:00"", ""2024-12-06T13:30:00+00:00""]","[0.5177334343170595, 0.5433289546193201, 0.5969332070308025, 0.6443826167464917, 0.708970449615601]",9.200000000000319,-9.200000000000319,0.4,29.85462108284092,0.5500000000013827,0.5135135135135135,-12.749999999999151,False,True,False,24.899999999998812,-5.649999999999267,0.4,29.662191422752493,-0.6499999999998174,0.4864864864864865,-6.749999999999812,False,False,False,10.200000000000209,-5.850000000000577,0.4,35.00809334996688,-1.2999999999996348,0.4864864864864865,-5.850000000000577,False,False,False,8.599999999998609,4.150000000000542,0.6,40.73428040361104,-2.9999999999996696,0.4594594594594595,-4.150000000000542,True,False,False,-10.250000000000536,-49.55000000000042,0.2,55.33579853946292,-3.9999999999995595,0.4594594594594595,-55.600000000000094,True,True,True
bls:us_cpi_release:20250312T1230Z,us_cpi_release,2025-03-12 12:30:00+00:00,103,5,"[""bls:us_cpi_release:20250115T1330Z"", ""bls:us_cpi_release:20230510T1230Z"", ""bls:us_cpi_release:20241113T1330Z"", ""bls:us_cpi_release:20230314T1230Z"", ""bls:us_cpi_release:20250212T1330Z""]","[""2025-01-15T13:30:00+00:00"", ""2023-05-10T12:30:00+00:00"", ""2024-11-13T13:30:00+00:00"", ""2023-03-14T12:30:00+00:00"", ""2025-02-12T13:30:00+00:00""]","[0.5879538296383706, 0.61213925221607, 0.6657043358257438, 0.6770131595905495, 0.6772473110517587]",21.34999999999998,18.599999999999728,0.8,26.322910173459388,0.2999999999997449,0.5048543689320388,-2.100000000000435,True,True,False,12.700000000001044,15.14999999999933,0.6,29.888854109852478,3.900000000001125,0.5339805825242718,12.799999999999478,True,True,True,-2.1999999999988695,5.20000000000076,0.8,29.37418254181823,1.1999999999989797,0.5436893203883495,5.20000000000076,False,False,False,-1.9499999999994522,2.0500000000001073,0.6,23.555733909178237,-0.9499999999995623,0.4854368932038835,-5.899999999998684,False,True,True,21.95000000000169,-10.050000000001447,0.4,38.13398222058572,-1.8500000000010175,0.4854368932038835,-17.799999999998928,False,False,False
bls:us_cpi_release:20250410T1230Z,us_cpi_release,2025-04-10 12:30:00+00:00,104,5,"[""bls:us_cpi_release:20250312T1230Z"", ""bls:us_cpi_release:20241113T1330Z"", ""bls:us_cpi_release:20250212T1330Z"", ""bls:us_cpi_release:20230510T1230Z"", ""bls:us_cpi_release:20250115T1330Z""]","[""2025-03-12T12:30:00+00:00"", ""2024-11-13T13:30:00+00:00"", ""2025-02-12T13:30:00+00:00"", ""2023-05-10T12:30:00+00:00"", ""2025-01-15T13:30:00+00:00""]","[0.8248072335140146, 0.8864403605398372, 0.9289114480052758, 0.9398747075220898, 0.9424631420189078]",25.999999999999357,21.34999999999998,0.8,26.589133118625956,0.34999999999896225,0.5096153846153846,18.599999999999728,True,True,True,22.249999999999215,15.14999999999933,0.8,28.498894715410398,4.300000000000415,0.5384615384615384,12.700000000001044,True,True,True,10.149999999999881,5.20000000000076,0.6,29.54341889490872,0.9749999999986159,0.5384615384615384,5.20000000000076,True,True,True,16.34999999999831,-1.9499999999994522,0.4,23.88691273480118,-1.3249999999997986,0.4807692307692308,-5.899999999998684,False,False,False,93.29999999999838,21.95000000000169,0.6,38.99364820069996,-0.9749999999997261,0.49038461538461536,-17.799999999998928,True,False,False
bls:us_employment_situation:20250502T1230Z,us_employment_situation,2025-05-02 12:30:00+00:00,112,5,"[""bls:us_employment_situation:20241206T1330Z"", ""bls:us_employment_situation:20250307T1330Z"", ""bls:us_employment_situation:20250207T1330Z"", ""bls:us_employment_situation:20160708T1230Z"", ""bls:us_employment_situation:20230505T1230Z""]","[""2024-12-06T13:30:00+00:00"", ""2025-03-07T13:30:00+00:00"", ""2025-02-07T13:30:00+00:00"", ""2016-07-08T12:30:00+00:00"", ""2023-05-05T12:30:00+00:00""]","[0.8267117999409275, 0.9777057768497937, 1.0085617594918186, 1.009377866772846, 1.1183737125391635]",-28.15000000000012,-12.749999999999151,0.4,25.96993261446781,0.5750000000004363,0.5178571428571429,9.200000000000319,True,False,False,-20.000000000000018,-6.749999999999812,0.4,27.912853669948817,-0.49999999999994493,0.49107142857142855,24.899999999998812,True,True,False,-6.500000000000394,-5.850000000000577,0.4,28.535041615529458,-1.0500000000002174,0.49107142857142855,10.200000000000209,True,True,False,12.000000000000899,-4.150000000000542,0.4,12.515774047177112,-2.6999999999999247,0.4642857142857143,5.850000000000577,False,False,True,-1.7999999999984695,-30.5500000000003,0.2,22.107035079358646,-4.9749999999992855,0.45535714285714285,-32.80000000000172,True,True,True
bls:us_cpi_release:20250513T1230Z,us_cpi_release,2025-05-13 12:30:00+00:00,105,5,"[""bls:us_cpi_release:20250212T1330Z"", ""bls:us_cpi_release:20250115T1330Z"", ""bls:us_cpi_release:20240410T1230Z"", ""bls:us_cpi_release:20190612T1230Z"", ""bls:us_cpi_release:20240612T1230Z""]","[""2025-02-12T13:30:00+00:00"", ""2025-01-15T13:30:00+00:00"", ""2024-04-10T12:30:00+00:00"", ""2019-06-12T12:30:00+00:00"", ""2024-06-12T12:30:00+00:00""]","[0.5208303318190595, 0.558873741402212, 0.6588949965061347, 0.6617150377340834, 0.6786309072904483]",7.449999999999957,13.500000000001844,0.6,39.15260400024529,0.3999999999981796,0.5142857142857142,21.34999999999998,True,True,True,-0.7500000000004725,8.950000000000902,0.6,47.11925720976542,4.699999999999704,0.5428571428571428,12.700000000001044,False,False,False,17.099999999998783,6.40000000000196,0.6,47.13995120913929,1.1999999999989797,0.5428571428571428,10.149999999999881,True,True,True,28.399999999999537,-12.599999999998168,0.4,54.305036598827364,-0.9499999999995623,0.4857142857142857,-1.9499999999994522,False,False,False,54.14999999999947,-14.799999999999258,0.4,72.33106524861843,-0.09999999999843467,0.49523809523809526,21.95000000000169,False,False,True
bls:us_employment_situation:20250606T1230Z,us_employment_situation,2025-06-06 12:30:00+00:00,113,5,"[""bls:us_employment_situation:20250207T1330Z"", ""bls:us_employment_situation:20241101T1230Z"", ""bls:us_employment_situation:20171208T1330Z"", ""bls:us_employment_situation:20170407T1230Z"", ""bls:us_employment_situation:20240802T1230Z""]","[""2025-02-07T13:30:00+00:00"", ""2024-11-01T12:30:00+00:00"", ""2017-12-08T13:30:00+00:00"", ""2017-04-07T12:30:00+00:00"", ""2024-08-02T12:30:00+00:00""]","[0.5873451215676823, 0.6045303819161206, 0.6300671742452743, 0.6460088623791972, 0.6675610004253234]",-10.699999999999044,20.150000000001,0.8,16.59058166551107,0.5500000000013827,0.5132743362831859,-12.749999999999151,False,False,True,0.9499999999995623,17.699999999998273,0.8,13.333739160490897,-0.6499999999998174,0.48672566371681414,-6.749999999999812,True,False,False,-10.349999999998971,16.050000000000786,0.8,16.58500527585153,-1.2999999999996348,0.48672566371681414,-5.850000000000577,False,True,True,-32.79999999999949,8.050000000001667,0.8,25.609951190894144,-2.4000000000001798,0.4690265486725664,5.850000000000577,False,True,False,-14.250000000000096,-13.499999999999623,0.4,46.26761286256314,-3.9999999999995595,0.45132743362831856,-32.80000000000172,True,True,True
bls:us_cpi_release:20250611T1230Z,us_cpi_release,2025-06-11 12:30:00+00:00,106,5,"[""bls:us_cpi_release:20240515T1230Z"", ""bls:us_cpi_release:20240911T1230Z"", ""bls:us_cpi_release:20170512T1230Z"", ""bls:us_cpi_release:20250312T1230Z"", ""bls:us_cpi_release:20171013T1230Z""]","[""2024-05-15T12:30:00+00:00"", ""2024-09-11T12:30:00+00:00"", ""2017-05-12T12:30:00+00:00"", ""2025-03-12T12:30:00+00:00"", ""2017-10-13T12:30:00+00:00""]","[0.4837028914729988, 0.5903572859950591, 0.6413321650965232, 0.6417991808340827, 0.6743323681367234]",31.3500000000011,21.34999999999998,0.8,18.69963636010098,0.4499999999996174,0.5188679245283019,21.34999999999998,True,True,True,42.200000000001125,12.700000000001044,0.8,21.73128160049445,4.300000000000415,0.5377358490566038,12.700000000001044,True,True,True,36.65000000000029,33.54999999999997,0.6,33.297717639502096,1.7000000000000348,0.5471698113207547,10.149999999999881,True,True,True,24.699999999999722,25.300000000001432,0.6,33.1548578642708,-0.7250000000003087,0.49056603773584906,16.34999999999831,True,False,True,55.000000000000604,35.80000000000138,0.8,27.732489971151022,0.10000000000065512,0.5,49.64999999999886,True,True,True
bls:us_employment_situation:20250703T1230Z,us_employment_situation,2025-07-03 12:30:00+00:00,114,5,"[""bls:us_employment_situation:20240607T1230Z"", ""bls:us_employment_situation:20240802T1230Z"", ""bls:us_employment_situation:20170602T1230Z"", ""bls:us_employment_situation:20250606T1230Z"", ""bls:us_employment_situation:20170407T1230Z""]","[""2024-06-07T12:30:00+00:00"", ""2024-08-02T12:30:00+00:00"", ""2017-06-02T12:30:00+00:00"", ""2025-06-06T12:30:00+00:00"", ""2017-04-07T12:30:00+00:00""]","[0.9356085330792908, 0.9468399939391869, 0.9544122442989071, 0.9696473455550814, 0.9833970654807055]",-50.54999999999809,23.999999999999577,0.6,31.061220194963223,0.5000000000010552,0.5087719298245614,-12.749999999999151,False,False,True,-64.4,17.699999999998273,0.8,34.575994562702235,-0.49999999999994493,0.49122807017543857,-6.749999999999812,False,True,True,-52.9999999999986,1.5499999999990521,0.6,41.968006862370956,-1.40000000000029,0.4824561403508772,-6.500000000000394,False,True,True,-23.799999999998267,-15.650000000000386,0.4,48.74358009009994,-2.6999999999999247,0.4649122807017544,5.850000000000577,True,True,False,-42.40000000000021,-14.250000000000096,0.4,58.70431500324342,-4.9749999999992855,0.4473684210526316,-14.250000000000096,True,True,True
bls:us_employment_situation:20250801T1230Z,us_employment_situation,2025-08-01 12:30:00+00:00,115,5,"[""bls:us_employment_situation:20241206T1330Z"", ""bls:us_employment_situation:20250207T1330Z"", ""bls:us_employment_situation:20240802T1230Z"", ""bls:us_employment_situation:20250307T1330Z"", ""bls:us_employment_situation:20250606T1230Z""]","[""2024-12-06T13:30:00+00:00"", ""2025-02-07T13:30:00+00:00"", ""2024-08-02T12:30:00+00:00"", ""2025-03-07T13:30:00+00:00"", ""2025-06-06T12:30:00+00:00""]","[0.5263830249519369, 0.6425196499992255, 0.6847271512811037, 0.6944551875497056, 0.6945110741805908]",56.80000000000129,9.200000000000319,0.6,18.197653694913186,0.4500000000007276,0.5043478260869565,-12.749999999999151,True,True,False,112.70000000000113,24.200000000000887,0.8,14.405394822773628,-0.6499999999998174,0.48695652173913045,-6.749999999999812,True,False,False,132.79999999999959,10.200000000000209,0.6,17.72069411733016,-1.500000000000945,0.4782608695652174,-6.500000000000394,True,False,False,173.30000000000067,5.850000000000577,0.6,30.486544572974694,-2.9999999999996696,0.4608695652173913,5.850000000000577,True,False,True,148.09999999999988,-14.250000000000096,0.2,46.058586604454455,-5.949999999999012,0.4434782608695652,-14.250000000000096,False,False,False
bls:us_cpi_release:20250812T1230Z,us_cpi_release,2025-08-12 12:30:00+00:00,107,5,"[""bls:us_cpi_release:20240814T1230Z"", ""bls:us_cpi_release:20240213T1330Z"", ""bls:us_cpi_release:20160316T1230Z"", ""bls:us_cpi_release:20240515T1230Z"", ""bls:us_cpi_release:20241113T1330Z""]","[""2024-08-14T12:30:00+00:00"", ""2024-02-13T13:30:00+00:00"", ""2016-03-16T12:30:00+00:00"", ""2024-05-15T12:30:00+00:00"", ""2024-11-13T13:30:00+00:00""]","[0.49526208308700287, 0.7340265888412766, 0.7384546061943001, 0.8481906818618298, 0.8751189787583946]",23.100000000000342,-5.349999999999522,0.4,27.4939447878983,0.5000000000010552,0.5233644859813084,21.34999999999998,False,True,True,36.14999999999924,-7.899999999998464,0.4,30.801646059909892,4.699999999999704,0.5420560747663551,12.700000000001044,False,True,True,43.999999999999595,-4.899999999998794,0.4,35.7085059894698,2.20000000000109,0.5514018691588785,10.149999999999881,False,True,True,18.9499999999998,-5.899999999998684,0.2,32.58276538294485,-0.5000000000010552,0.4953271028037383,16.34999999999831,False,False,True,75.60000000000011,-15.300000000000313,0.2,40.74287176918237,0.2999999999997449,0.5046728971962616,54.14999999999947,False,True,True
bls:us_employment_situation:20250905T1230Z,us_employment_situation,2025-09-05 12:30:00+00:00,116,5,"[""bls:us_employment_situation:20250207T1330Z"", ""bls:us_employment_situation:20240802T1230Z"", ""bls:us_employment_situation:20241004T1230Z"", ""bls:us_employment_situation:20250307T1330Z"", ""bls:us_employment_situation:20181005T1230Z""]","[""2025-02-07T13:30:00+00:00"", ""2024-08-02T12:30:00+00:00"", ""2024-10-04T12:30:00+00:00"", ""2025-03-07T13:30:00+00:00"", ""2018-10-05T12:30:00+00:00""]","[0.44068289618526246, 0.4496232239388042, 0.4578550156382978, 0.49923129996763727, 0.5015480065195257]",44.19999999999868,6.049999999999667,0.6,30.042310164167098,0.5000000000010552,0.5086206896551724,-10.699999999999044,True,True,False,33.84999999999971,1.2499999999993072,0.6,28.926060913992618,-0.49999999999994493,0.49137931034482757,0.9499999999995623,True,False,True,34.549999999999855,-1.500000000000945,0.4,31.491348018146486,-1.40000000000029,0.4827586206896552,-6.500000000000394,False,False,False,20.599999999999508,8.599999999998609,0.8,41.86981490286289,-2.6999999999999247,0.46551724137931033,8.599999999998609,True,False,True,50.99999999999882,-10.250000000000536,0.4,54.53603762650913,-4.9749999999992855,0.4482758620689655,-10.250000000000536,False,False,False
bls:us_cpi_release:20250911T1230Z,us_cpi_release,2025-09-11 12:30:00+00:00,108,5,"[""bls:us_cpi_release:20250410T1230Z"", ""bls:us_cpi_release:20151015T1230Z"", ""bls:us_cpi_release:20150417T1230Z"", ""bls:us_cpi_release:20200311T1230Z"", ""bls:us_cpi_release:20250212T1330Z""]","[""2025-04-10T12:30:00+00:00"", ""2015-10-15T12:30:00+00:00"", ""2015-04-17T12:30:00+00:00"", ""2020-03-11T12:30:00+00:00"", ""2025-02-12T13:30:00+00:00""]","[1.0027198862401365, 1.021430685415188, 1.3685684574232722, 1.4141885624291186, 1.4488591891492262]",18.000000000000238,-26.94999999999892,0.2,23.387718999508834,0.900000000000345,0.5277777777777778,23.100000000000342,False,True,True,31.7500000000015,-17.449999999998855,0.2,22.863770467707315,4.750000000000032,0.5462962962962963,22.249999999999215,False,True,True,21.100000000000563,-39.95000000000193,0.4,30.91480227981441,2.9250000000002885,0.5555555555555556,17.099999999998783,False,True,True,40.9499999999996,-20.300000000001983,0.2,30.652135325291145,0.7749999999995261,0.5,18.9499999999998,False,True,True,49.25000000000068,-30.90000000000037,0.4,62.21939086812035,1.474999999999671,0.5092592592592593,55.000000000000604,False,True,True
bls:us_cpi_release:20251024T1230Z,us_cpi_release,2025-10-24 12:30:00+00:00,109,5,"[""bls:us_cpi_release:20170414T1230Z"", ""bls:us_cpi_release:20250312T1230Z"", ""bls:us_cpi_release:20250115T1330Z"", ""bls:us_cpi_release:20240515T1230Z"", ""bls:us_cpi_release:20241113T1330Z""]","[""2017-04-14T12:30:00+00:00"", ""2025-03-12T12:30:00+00:00"", ""2025-01-15T13:30:00+00:00"", ""2024-05-15T12:30:00+00:00"", ""2024-11-13T13:30:00+00:00""]","[0.5841174478244324, 0.5956942700400136, 0.6032513678317275, 0.6756444661354131, 0.6971198522424329]",27.049999999999574,21.34999999999998,1.0,10.27568002615901,1.2999999999996348,0.5321100917431193,23.100000000000342,True,True,True,28.850000000000264,15.14999999999933,1.0,10.389398442643794,4.8000000000003595,0.5504587155963303,31.7500000000015,True,True,True,28.600000000000847,11.400000000001409,0.8,13.10505246078739,3.649999999999487,0.5596330275229358,21.100000000000563,True,True,True,19.700000000000273,14.250000000000096,0.6,16.238885429732875,2.0500000000001073,0.5045871559633027,24.699999999999722,True,True,True,11.849999999999916,10.40000000000152,0.6,34.24395421092614,2.649999999999597,0.5137614678899083,55.000000000000604,True,True,True
bls:us_employment_situation:20251216T1330Z,us_employment_situation,2025-12-16 13:30:00+00:00,117,5,"[""bls:us_employment_situation:20200702T1230Z"", ""bls:us_employment_situation:20250703T1230Z"", ""bls:us_employment_situation:20151204T1330Z"", ""bls:us_employment_situation:20160401T1230Z"", ""bls:us_employment_situation:20160506T1230Z""]","[""2020-07-02T12:30:00+00:00"", ""2025-07-03T12:30:00+00:00"", ""2015-12-04T13:30:00+00:00"", ""2016-04-01T12:30:00+00:00"", ""2016-05-06T12:30:00+00:00""]","[8940129599785735.0, 8940129599785735.0, 8940129599785736.0, 8940129599785736.0, 8940129599785736.0]",16.15000000000144,-17.650000000000166,0.4,29.89353441799739,0.5500000000013827,0.5128205128205128,-10.699999999999044,False,True,False,8.900000000000574,-33.950000000000365,0.4,30.730125284482458,-0.3500000000000725,0.49572649572649574,0.9499999999995623,False,False,True,-6.699999999999484,-22.34999999999987,0.2,20.76129572064305,-1.2999999999996348,0.48717948717948717,-6.500000000000394,True,True,True,12.650000000000716,-13.649999999998386,0.0,17.48332348267946,-2.4000000000001798,0.4700854700854701,12.000000000000899,False,False,True,3.1000000000003247,-42.40000000000021,0.0,15.085377025450489,-3.9999999999995595,0.452991452991453,-1.7999999999984695,False,False,False
bls:us_cpi_release:20251218T1330Z,us_cpi_release,2025-12-18 13:30:00+00:00,110,5,"[""bls:us_cpi_release:20240213T1330Z"", ""bls:us_cpi_release:20160316T1230Z"", ""bls:us_cpi_release:20180612T1230Z"", ""bls:us_cpi_release:20181011T1230Z"", ""bls:us_cpi_release:20250812T1230Z""]","[""2024-02-13T13:30:00+00:00"", ""2016-03-16T12:30:00+00:00"", ""2018-06-12T12:30:00+00:00"", ""2018-10-11T12:30:00+00:00"", ""2025-08-12T12:30:00+00:00""]","[0.7313698732834716, 0.7540717991025835, 0.7781300972881964, 0.7953083510906926, 0.8000928818940313]",18.250000000001876,9.500000000000064,0.6,26.331038718592012,1.3249999999997986,0.5363636363636364,23.100000000000342,True,True,True,9.650000000001047,10.450000000001847,0.6,35.23946083582931,5.125000000000268,0.5545454545454546,31.7500000000015,True,True,True,10.300000000000864,14.000000000000679,0.6,41.68798867779514,3.6749999999996508,0.5636363636363636,28.600000000000847,True,True,True,9.80000000000203,-5.1000000000001044,0.4,33.00083938326417,2.375000000000016,0.509090909090909,24.699999999999722,False,True,True,-9.299999999998754,-0.09999999999843467,0.4,49.41548340348427,2.974999999999506,0.5181818181818182,54.14999999999947,True,False,False
bls:us_employment_situation:20260109T1330Z,us_employment_situation,2026-01-09 13:30:00+00:00,118,5,"[""bls:us_employment_situation:20180803T1230Z"", ""bls:us_employment_situation:20181207T1330Z"", ""bls:us_employment_situation:20231208T1330Z"", ""bls:us_employment_situation:20240405T1230Z"", ""bls:us_employment_situation:20210305T1330Z""]","[""2018-08-03T12:30:00+00:00"", ""2018-12-07T13:30:00+00:00"", ""2023-12-08T13:30:00+00:00"", ""2024-04-05T12:30:00+00:00"", ""2021-03-05T13:30:00+00:00""]","[0.47651681799061607, 0.5128970247213506, 0.5215626422543894, 0.5567062997020098, 0.5611922240784105]",-4.599999999999049,-22.94999999999936,0.4,27.518273928428304,0.5750000000004363,0.5169491525423728,16.15000000000144,True,False,False,7.600000000000939,-28.34999999999921,0.4,30.169388459165575,0.27500000000069136,0.5,8.900000000000574,False,True,True,12.849999999999806,-5.749999999999922,0.4,17.311816773522693,-1.40000000000029,0.4830508474576271,-6.699999999999484,False,False,False,-5.749999999999922,-17.849999999999255,0.4,22.443373186756855,-2.375000000000016,0.4745762711864407,12.650000000000716,True,True,False,-13.050000000001116,-8.950000000000902,0.4,15.896383236447422,-3.3249999999995783,0.4576271186440678,3.1000000000003247,True,True,False
bls:us_cpi_release:20260113T1330Z,us_cpi_release,2026-01-13 13:30:00+00:00,111,5,"[""bls:us_cpi_release:20231212T1330Z"", ""bls:us_cpi_release:20241010T1230Z"", ""bls:us_cpi_release:20240312T1230Z"", ""bls:us_cpi_release:20181114T1330Z"", ""bls:us_cpi_release:20191113T1330Z""]","[""2023-12-12T13:30:00+00:00"", ""2024-10-10T12:30:00+00:00"", ""2024-03-12T12:30:00+00:00"", ""2018-11-14T13:30:00+00:00"", ""2019-11-13T13:30:00+00:00""]","[0.4016339247937683, 0.4650691058209252, 0.4776857408530916, 0.5045516262896704, 0.5206783007580901]",15.450000000001296,-1.1500000000008725,0.4,8.625021739103909,1.3499999999999623,0.5405405405405406,23.100000000000342,False,True,True,16.100000000001113,-0.15000000000098268,0.4,9.817739047255087,5.450000000000177,0.5585585585585585,31.7500000000015,False,True,True,14.000000000000679,0.7499999999982521,0.8,10.546828907305724,3.6999999999998145,0.5675675675675675,28.600000000000847,True,True,True,16.20000000000177,-1.7000000000000348,0.2,14.221757978533793,2.6999999999999247,0.5135135135135135,19.700000000000273,False,True,True,-9.199999999998099,-7.7000000000015945,0.2,11.344311349747132,2.649999999999597,0.5135135135135135,49.25000000000068,True,False,False
bls:us_employment_situation:20260211T1330Z,us_employment_situation,2026-02-11 13:30:00+00:00,119,5,"[""bls:us_employment_situation:20250703T1230Z"", ""bls:us_employment_situation:20260109T1330Z"", ""bls:us_employment_situation:20231208T1330Z"", ""bls:us_employment_situation:20241004T1230Z"", ""bls:us_employment_situation:20191206T1330Z""]","[""2025-07-03T12:30:00+00:00"", ""2026-01-09T13:30:00+00:00"", ""2023-12-08T13:30:00+00:00"", ""2024-10-04T12:30:00+00:00"", ""2019-12-06T13:30:00+00:00""]","[0.8741989283774284, 1.056629872558328, 1.0737383439631933, 1.0742868352023935, 1.0883263322125145]",-55.65000000000042,-40.599999999999525,0.0,19.280160787711498,0.5500000000013827,0.5126050420168067,16.15000000000144,True,False,False,-54.00000000000071,-31.74999999999928,0.2,25.19096266521042,0.9000000000014552,0.5042016806722689,8.900000000000574,True,False,False,-34.600000000000186,-13.549999999999951,0.2,28.887914428009385,-1.2999999999996348,0.48739495798319327,12.849999999999806,True,True,False,-36.8500000000016,-23.799999999998267,0.0,20.345599032715242,-2.4000000000001798,0.47058823529411764,12.650000000000716,True,True,False,-9.700000000001374,-42.40000000000021,0.0,22.241614150056268,-3.9999999999995595,0.453781512605042,3.1000000000003247,True,True,False
bls:us_cpi_release:20260213T1330Z,us_cpi_release,2026-02-13 13:30:00+00:00,112,5,"[""bls:us_cpi_release:20190111T1330Z"", ""bls:us_cpi_release:20180913T1230Z"", ""bls:us_cpi_release:20170118T1330Z"", ""bls:us_cpi_release:20190213T1330Z"", ""bls:us_cpi_release:20241010T1230Z""]","[""2019-01-11T13:30:00+00:00"", ""2018-09-13T12:30:00+00:00"", ""2017-01-18T13:30:00+00:00"", ""2019-02-13T13:30:00+00:00"", ""2024-10-10T12:30:00+00:00""]","[0.43531839105050363, 0.5178410352989128, 0.5424634620660024, 0.555802759687503, 0.5585685021950422]",20.850000000001145,-1.9499999999994522,0.4,10.703317242799358,1.4500000000006175,0.5446428571428571,18.250000000001876,False,True,True,14.450000000001406,3.900000000001125,0.6,11.291518941223673,5.650000000000377,0.5625,28.850000000000264,True,True,True,5.1000000000001044,0.7499999999982521,0.6,22.1959771129815,3.849999999999687,0.5714285714285714,21.100000000000563,True,True,True,8.60000000000083,12.649999999998496,0.6,36.58358921702419,3.250000000000197,0.5178571428571429,18.9499999999998,True,True,True,18.249999999999655,-5.5000000000005045,0.4,35.2013579283527,1.474999999999671,0.5089285714285714,11.849999999999916,False,True,True
bls:us_cpi_release:20260311T1230Z,us_cpi_release,2026-03-11 12:30:00+00:00,113,5,"[""bls:us_cpi_release:20260113T1330Z"", ""bls:us_cpi_release:20190312T1230Z"", ""bls:us_cpi_release:20190612T1230Z"", ""bls:us_cpi_release:20170614T1230Z"", ""bls:us_cpi_release:20191113T1330Z""]","[""2026-01-13T13:30:00+00:00"", ""2019-03-12T12:30:00+00:00"", ""2019-06-12T12:30:00+00:00"", ""2017-06-14T12:30:00+00:00"", ""2019-11-13T13:30:00+00:00""]","[0.4250528448712639, 0.5086183566924001, 0.5236601560726485, 0.5804333636969258, 0.595135472104417]",-5.8499999999983565,13.500000000001844,0.8,8.770952057787325,1.5500000000012726,0.5486725663716814,18.250000000001876,False,False,False,-12.249999999998096,9.600000000000719,0.8,15.688294999775907,5.850000000000577,0.5663716814159292,16.100000000001113,False,False,False,-9.999999999998899,10.100000000001774,1.0,16.905395588391297,3.9999999999995595,0.5752212389380531,14.000000000000679,False,False,False,-12.900000000000134,8.750000000001812,0.6,27.359459058979912,3.8000000000004697,0.5221238938053098,16.20000000000177,False,False,False,-30.74999999999939,-7.7000000000015945,0.4,32.32917567770579,2.649999999999597,0.5132743362831859,11.849999999999916,True,False,False
bls:us_employment_situation:20260403T1230Z,us_employment_situation,2026-04-03 12:30:00+00:00,120,5,"[""bls:us_employment_situation:20240607T1230Z"", ""bls:us_employment_situation:20180309T1330Z"", ""bls:us_employment_situation:20250905T1230Z"", ""bls:us_employment_situation:20260109T1330Z"", ""bls:us_employment_situation:20190906T1230Z""]","[""2024-06-07T12:30:00+00:00"", ""2018-03-09T13:30:00+00:00"", ""2025-09-05T12:30:00+00:00"", ""2026-01-09T13:30:00+00:00"", ""2019-09-06T12:30:00+00:00""]","[0.6160840637070298, 0.6873343856168487, 0.7187062953079183, 0.7281764448276544, 0.72980498305644]",-12.000000000000899,0.5500000000013827,0.6,29.168116154458335,0.5000000000010552,0.5083333333333333,16.15000000000144,False,False,False,-15.150000000001551,7.600000000000939,0.6,30.668560448772315,0.27500000000069136,0.5,8.900000000000574,False,False,False,-11.700000000001154,12.34999999999875,0.6,33.84234625435954,-1.40000000000029,0.48333333333333334,12.849999999999806,False,True,False,-12.400000000001299,13.350000000000861,0.6,32.48029248636755,-2.6999999999999247,0.4666666666666667,12.650000000000716,False,True,False,-23.34999999999976,13.900000000000023,0.6,48.51883139565479,-4.9749999999992855,0.45,3.1000000000003247,False,True,False
bls:us_cpi_release:20260410T1230Z,us_cpi_release,2026-04-10 12:30:00+00:00,114,5,"[""bls:us_cpi_release:20241010T1230Z"", ""bls:us_cpi_release:20240612T1230Z"", ""bls:us_cpi_release:20260311T1230Z"", ""bls:us_cpi_release:20190711T1230Z"", ""bls:us_cpi_release:20260113T1330Z""]","[""2024-10-10T12:30:00+00:00"", ""2024-06-12T12:30:00+00:00"", ""2026-03-11T12:30:00+00:00"", ""2019-07-11T12:30:00+00:00"", ""2026-01-13T13:30:00+00:00""]","[0.4185156655477596, 0.48103240716013884, 0.4876840563856263, 0.5115386758024274, 0.5240346331554776]",6.650000000001377,-5.8499999999983565,0.4,19.36472566291616,1.4500000000006175,0.543859649122807,18.250000000001876,False,True,True,7.699999999999374,12.799999999999478,0.6,23.448637487069146,5.650000000000377,0.5614035087719298,14.450000000001406,True,True,True,3.6999999999998145,0.7499999999982521,0.6,21.209526161609837,3.849999999999687,0.5701754385964912,10.300000000000864,True,True,True,19.800000000000928,12.649999999998496,0.6,33.190170231560714,3.250000000000197,0.5175438596491229,9.80000000000203,True,True,True,7.399999999999629,-9.199999999998099,0.2,39.09321424492984,1.474999999999671,0.5087719298245614,-9.199999999998099,False,True,False
bls:us_employment_situation:20260605T1230Z,us_employment_situation,2026-06-05 12:30:00+00:00,121,5,"[""bls:us_employment_situation:20230505T1230Z"", ""bls:us_employment_situation:20180309T1330Z"", ""bls:us_employment_situation:20260403T1230Z"", ""bls:us_employment_situation:20250110T1330Z"", ""bls:us_employment_situation:20240607T1230Z""]","[""2023-05-05T12:30:00+00:00"", ""2018-03-09T13:30:00+00:00"", ""2026-04-03T12:30:00+00:00"", ""2025-01-10T13:30:00+00:00"", ""2024-06-07T12:30:00+00:00""]","[0.5666954755883268, 0.6034819585701782, 0.6157789613844775, 0.7817087507823328, 0.8121146905199453]",-18.500000000001293,-30.35000000000121,0.2,21.86598728619399,0.4500000000007276,0.5041322314049587,-4.599999999999049,True,False,True,-20.299999999999763,-21.94999999999947,0.2,34.23087787363912,-0.3500000000000725,0.49586776859504134,7.600000000000939,True,True,False,-28.300000000001102,-39.85000000000127,0.0,22.534582312525686,-1.500000000000945,0.4793388429752066,-6.699999999999484,True,True,True,-50.7499999999994,-26.699999999999502,0.2,27.36842341093082,-2.9999999999996696,0.4628099173553719,-5.749999999999922,True,True,True,-108.60000000000092,-23.34999999999976,0.4,45.89099693839749,-5.949999999999012,0.4462809917355372,-9.700000000001374,True,True,True
bls:us_cpi_release:20260610T1230Z,us_cpi_release,2026-06-10 12:30:00+00:00,115,5,"[""bls:us_cpi_release:20231012T1230Z"", ""bls:us_cpi_release:20150916T1230Z"", ""bls:us_cpi_release:20190612T1230Z"", ""bls:us_cpi_release:20260410T1230Z"", ""bls:us_cpi_release:20250513T1230Z""]","[""2023-10-12T12:30:00+00:00"", ""2015-09-16T12:30:00+00:00"", ""2019-06-12T12:30:00+00:00"", ""2026-04-10T12:30:00+00:00"", ""2025-05-13T12:30:00+00:00""]","[0.6213365327574387, 0.8340934017974904, 0.9259625548237891, 0.9413255963756996, 0.9475453081108189]",4.0500000000021075,6.650000000001377,0.8,12.188461756924456,1.5500000000012726,0.5478260869565217,15.450000000001296,True,True,True,3.1500000000006523,7.699999999999374,0.6,19.47684265993824,5.850000000000577,0.5652173913043478,9.650000000001047,True,True,True,12.550000000000061,6.40000000000196,0.8,23.20569757624189,3.6999999999998145,0.5739130434782609,5.1000000000001044,True,True,True,10.550000000000281,19.800000000000928,0.6,33.11176528063693,3.8000000000004697,0.5217391304347826,9.80000000000203,True,True,True,10.450000000001847,7.399999999999629,0.6,51.47357185974193,2.649999999999597,0.5130434782608696,-9.199999999998099,True,True,False
bls:us_employment_situation:20260702T1230Z,us_employment_situation,2026-07-02 12:30:00+00:00,122,5,"[""bls:us_employment_situation:20240202T1330Z"", ""bls:us_employment_situation:20240503T1230Z"", ""bls:us_employment_situation:20240405T1230Z"", ""bls:us_employment_situation:20240906T1230Z"", ""bls:us_employment_situation:20250703T1230Z""]","[""2024-02-02T13:30:00+00:00"", ""2024-05-03T12:30:00+00:00"", ""2024-04-05T12:30:00+00:00"", ""2024-09-06T12:30:00+00:00"", ""2025-07-03T12:30:00+00:00""]","[0.6088104604241509, 0.6221035786653848, 0.6467624765080551, 0.6484496832859037, 0.6588515768949704]",39.600000000001856,-38.200000000001566,0.4,42.83962418135808,-0.02500000000016378,0.5,-12.000000000000899,False,False,False,50.499999999999986,-34.85000000000182,0.4,45.55610387203895,-0.49999999999994493,0.4918032786885246,-15.150000000001551,False,False,False,72.14999999999971,-29.400000000001647,0.4,41.25136361382499,-1.8750000000011813,0.47540983606557374,-11.700000000001154,False,False,False,41.7500000000004,-23.799999999998267,0.2,38.1222113734242,-3.0999999999992145,0.45901639344262296,-12.400000000001299,False,False,False,37.15000000000135,-29.89999999999826,0.2,36.94932475702382,-6.349999999999412,0.4426229508196721,-13.050000000001116,False,False,False
bls:us_cpi_release:20260714T1230Z,us_cpi_release,2026-07-14 12:30:00+00:00,116,5,"[""bls:us_cpi_release:20260311T1230Z"", ""bls:us_cpi_release:20241211T1330Z"", ""bls:us_cpi_release:20171213T1330Z"", ""bls:us_cpi_release:20190312T1230Z"", ""bls:us_cpi_release:20250513T1230Z""]","[""2026-03-11T12:30:00+00:00"", ""2024-12-11T13:30:00+00:00"", ""2017-12-13T13:30:00+00:00"", ""2019-03-12T12:30:00+00:00"", ""2025-05-13T12:30:00+00:00""]","[0.6192027395543915, 0.6389652999454579, 0.7030863937144639, 0.7281775487130113, 0.730374963831529]",45.000000000001705,6.050000000001887,0.6,8.714619899914979,1.6250000000006537,0.5517241379310345,6.650000000001377,True,True,True,35.400000000000986,-0.700000000000145,0.4,13.324661346540468,5.650000000000377,0.5689655172413793,7.699999999999374,False,True,True,43.600000000001415,17.099999999998783,0.8,12.450638537841611,3.849999999999687,0.5775862068965517,5.1000000000001044,True,True,True,35.75000000000106,8.750000000001812,0.6,16.267913203604316,3.9000000000000146,0.5258620689655172,10.550000000000281,True,True,True,16.050000000000786,22.34999999999987,0.6,31.739250148671967,2.974999999999506,0.5172413793103449,7.399999999999629,True,True,True
bls:us_employment_situation:20260807T1230Z,us_employment_situation,2026-08-07 12:30:00+00:00,123,5,"[""bls:us_employment_situation:20250110T1330Z"", ""bls:us_employment_situation:20230901T1230Z"", ""bls:us_employment_situation:20200207T1330Z"", ""bls:us_employment_situation:20260109T1330Z"", ""bls:us_employment_situation:20240705T1230Z""]","[""2025-01-10T13:30:00+00:00"", ""2023-09-01T12:30:00+00:00"", ""2020-02-07T13:30:00+00:00"", ""2026-01-09T13:30:00+00:00"", ""2024-07-05T12:30:00+00:00""]","[0.4750085283127644, 0.5229243250096178, 0.5588913078166995, 0.6227400649855359, 0.6370261000323424]",36.800000000001276,-4.599999999999049,0.4,27.01872313785394,0.4500000000007276,0.5040650406504065,-12.000000000000899,False,True,False,43.95000000000149,1.1999999999989797,0.6,39.519116892966984,-0.3500000000000725,0.4959349593495935,-15.150000000001551,True,False,False,45.45000000000021,5.9000000000009045,0.6,25.692555341966646,-1.500000000000945,0.4796747967479675,-11.700000000001154,True,False,False,41.80000000000072,-5.749999999999922,0.4,24.37351021088245,-2.9999999999996696,0.4634146341463415,-12.400000000001299,False,False,False,34.19999999999978,-18.5499999999994,0.2,26.75880415863157,-5.949999999999012,0.44715447154471544,-13.050000000001116,False,False,False
bls:us_cpi_release:20260812T1230Z,us_cpi_release,2026-08-12 12:30:00+00:00,117,5,"[""bls:us_cpi_release:20260311T1230Z"", ""bls:us_cpi_release:20190612T1230Z"", ""bls:us_cpi_release:20260714T1230Z"", ""bls:us_cpi_release:20260410T1230Z"", ""bls:us_cpi_release:20250513T1230Z""]","[""2026-03-11T12:30:00+00:00"", ""2019-06-12T12:30:00+00:00"", ""2026-07-14T12:30:00+00:00"", ""2026-04-10T12:30:00+00:00"", ""2025-05-13T12:30:00+00:00""]","[0.392345795963922, 0.5298817720307419, 0.5425734867763562, 0.5533750211874789, 0.5689812316327625]",-11.250000000000426,7.449999999999957,0.8,17.02988549579842,1.7000000000000348,0.5555555555555556,6.650000000001377,False,False,False,1.9999999999997797,7.699999999999374,0.6,15.736562521719845,5.850000000000577,0.5726495726495726,7.699999999999374,True,True,True,11.250000000000426,6.40000000000196,0.8,17.937067764827166,3.9999999999995595,0.5811965811965812,5.1000000000001044,True,True,True,7.600000000000939,19.800000000000928,0.6,20.58422697115424,3.9999999999995595,0.5299145299145299,10.550000000000281,True,True,True,-15.14999999999933,7.399999999999629,0.6,28.995678988428217,3.2999999999994145,0.5213675213675214,10.450000000001847,False,False,False
